11/10/2020 08:11,Aberdeen,Joan Pickles,"Large Flavoured latte - Gingerbread - 2.85, Large Flavoured latte - Vanilla - 2.85, Large Latte - 2.45, Large Flavoured latte - Gingerbread - 2.85",11.00,CARD,5359353452578239
11/10/2020 08:11,Aberdeen,Ross Waits," Speciality Tea - Camomile - 1.30, Regular Filter coffee - 1.50",2.80,CASH,
11/10/2020 08:12,Aberdeen,Ann Vanburen," Speciality Tea - Camomile - 1.30,  Speciality Tea - Green - 1.30,  Iced latte - 2.35,  Red Label tea - 1.20,  Speciality Tea - Peppermint - 1.30",7.45,CASH,
11/10/2020 08:13,Aberdeen,Linda Motes," Speciality Tea - Darjeeling - 1.30, Large Americano - 2.25, Large Espresso - 1.80",5.35,CARD,4119758788222
11/10/2020 08:14,Aberdeen,Jerome Guinyard," Speciality Tea - Green - 1.30,  Flavoured iced latte - Hazelnut - 2.75",4.05,CARD,54485291277119410
11/10/2020 08:15,Aberdeen,Ignacio Dunn," Flavoured iced latte - Hazelnut - 2.75,  Smoothies - Berry Beautiful - 2.00",4.75,CARD,5439635288795621
11/10/2020 08:16,Aberdeen,Reynaldo Martinez, Frappes - Strawberries & Cream - 2.75,2.75,CARD,4399969271999671
11/10/2020 08:17,Aberdeen,Fannie Knutson,"Large Espresso - 1.80,  Smoothies - Glowing Greens - 2.00",3.80,CARD,4335474874982361
11/10/2020 08:18,Aberdeen,Darren Mcchriston," Flavoured iced latte - Vanilla - 2.75, Large Flavoured latte - Gingerbread - 2.85,  Iced americano - 2.15",7.75,CARD,4666891461575192
11/10/2020 08:19,Aberdeen,Heidi Correa,"Regular Latte - 2.15,  Flavoured iced latte - Hazelnut - 2.75,  Glass of milk - 0.70",5.60,CASH,
11/10/2020 08:20,Aberdeen,Michael Attaway," Glass of milk - 0.70,  Babyccino - 0.00,  Speciality Tea - Green - 1.30",2.00,CARD,4148569477352
11/10/2020 08:21,Aberdeen,Christopher Martin," Speciality Tea - English breakfast - 1.30, Regular Espresso - 1.50,  Speciality Tea - Earl Grey - 1.30",4.10,CARD,3723359836869410
11/10/2020 08:22,Aberdeen,Richard Witt,Large Flavoured latte - Gingerbread - 2.85,2.85,CARD,363793178565314
11/10/2020 08:23,Aberdeen,Frederick Dobies,Large Hot chocolate - 2.90,2.90,CASH,
11/10/2020 08:24,Aberdeen,Walter Adamo," Speciality Tea - Fruit - 1.30,  Smoothies - Berry Beautiful - 2.00, Regular Flavoured latte - Vanilla - 2.55",5.85,CASH,
11/10/2020 08:25,Aberdeen,Tracy Chapman, Speciality Tea - Earl Grey - 1.30,1.30,CASH,
11/10/2020 08:25,Aberdeen,Zenobia Wood,"Regular Espresso - 1.50, Large Americano - 2.25,  Hot Chocolate - 1.40, Large Latte - 2.45,  Frappes - Strawberries & Cream - 2.75",10.35,CASH,
11/10/2020 08:26,Aberdeen,Tim Donaldson," Cortado - 2.05,  Smoothies - Glowing Greens - 2.00, Large Flavoured hot chocolate - Caramel - 2.90",6.95,CARD,5236922433421179
11/10/2020 08:27,Aberdeen,William Lopez, Frappes - Coffee - 2.75,2.75,CARD,3564942183143710
11/10/2020 08:28,Aberdeen,Eric Graves,"Regular Flavoured hot chocolate - Vanilla - 2.60,  Flavoured iced latte - Caramel - 2.75",5.35,CARD,6011133894952871
11/10/2020 08:29,Aberdeen,Tessa Wait," Iced americano - 2.15,  Flavoured iced latte - Caramel - 2.75,  Flavoured iced latte - Vanilla - 2.75",7.65,CARD,361895898782285
11/10/2020 08:30,Aberdeen,Julian Leverett, Flavoured iced latte - Vanilla - 2.75,2.75,CASH,
11/10/2020 08:31,Aberdeen,Jacalyn Davis," Glass of milk - 0.70,  Smoothies - Berry Beautiful - 2.00, Large Flavoured latte - Hazelnut - 2.85",5.55,CASH,
11/10/2020 08:32,Aberdeen,Barbara Knutson," Speciality Tea - Darjeeling - 1.30,  Mocha - 2.30, Large Latte - 2.45",6.05,CARD,3565562758954410
11/10/2020 08:33,Aberdeen,Gabrielle Amador,"Large Filter coffee - 1.80, Large Flavoured latte - Gingerbread - 2.85,  Speciality Tea - Green - 1.30, Large Espresso - 1.80",7.75,CARD,4445689626631
11/10/2020 08:34,Aberdeen,Vera Burnett," Babyccino - 0.00, Regular Flavoured latte - Hazelnut - 2.55",2.55,CARD,4652438274361
11/10/2020 08:35,Aberdeen,Bruce Mays,"Large Americano - 2.25,  Frappes - Coffee - 2.75,  Speciality Tea - Camomile - 1.30",6.30,CARD,356674212249751
11/10/2020 08:36,Aberdeen,Edward Ellis," Babyccino - 0.00, Large Flavoured hot chocolate - Hazelnut - 2.90,  Hot Chocolate - 1.40,  Frappes - Coffee - 2.75",7.05,CARD,5513297455291915
11/10/2020 08:37,Aberdeen,Eleanor Peters," Hot Chocolate - 1.40,  Babyccino - 0.00,  Babyccino - 0.00",1.40,CARD,44253862144689210
11/10/2020 08:38,Aberdeen,Jose Coleman, Babyccino - 0.00,0.00,CASH,
11/10/2020 08:39,Aberdeen,Elizabeth Brannen,"Regular Hot chocolate - 2.20,  Flavoured iced latte - Hazelnut - 2.75,  Flavoured iced latte - Vanilla - 2.75, Regular Americano - 1.95, Regular Chai latte - 2.30",11.95,CASH,
11/10/2020 08:39,Aberdeen,Donald Zamudio,Regular Filter coffee - 1.50,1.50,CASH,
11/10/2020 08:40,Aberdeen,Stephanie Whitaker,"Large Flavoured latte - Caramel - 2.85, Regular Filter coffee - 1.50,  Hot Chocolate - 1.40,  Red Label tea - 1.20,  Speciality Tea - Fruit - 1.30",8.25,CARD,4719773328159
11/10/2020 08:41,Aberdeen,Douglas Bouie," Iced americano - 2.15,  Flavoured iced latte - Caramel - 2.75,  Smoothies - Glowing Greens - 2.00,  Speciality Tea - English breakfast - 1.30",8.20,CARD,375692812478494
11/10/2020 08:42,Aberdeen,Stephen Coffey," Frappes - Chocolate Cookie - 2.75, Large Hot chocolate - 2.90,  Speciality Tea - Darjeeling - 1.30, Large Flavoured latte - Gingerbread - 2.85",9.80,CASH,
11/10/2020 08:43,Aberdeen,James Nolte," Speciality Tea - Green - 1.30, Regular Filter coffee - 1.50, Large Flavoured latte - Caramel - 2.85, Regular Filter coffee - 1.50",7.15,CARD,5236253299122127
11/10/2020 08:44,Aberdeen,Leonor Larkin," Cortado - 2.05,  Frappes - Strawberries & Cream - 2.75, Large Filter coffee - 1.80, Regular Latte - 2.15",8.75,CARD,5321324656372252
11/10/2020 08:45,Aberdeen,Sharlene Burton," Speciality Tea - Darjeeling - 1.30, Regular Hot chocolate - 2.20",3.50,CARD,4246779515134
11/10/2020 08:46,Aberdeen,Mark Wright," Smoothies - Carrot Kick - 2.00, Regular Flavoured latte - Hazelnut - 2.55,  Babyccino - 0.00,  Speciality Tea - Fruit - 1.30",5.85,CARD,369263187878219
11/10/2020 08:47,Aberdeen,David Strange," Flat white - 2.15, Regular Latte - 2.15, Regular Flavoured latte - Hazelnut - 2.55",6.85,CARD,4733653467143493
11/10/2020 08:48,Aberdeen,Kristen Perez,"Large Flavoured latte - Hazelnut - 2.85,  Iced latte - 2.35,  Glass of milk - 0.70,  Speciality Tea - Darjeeling - 1.30,  Smoothies - Berry Beautiful - 2.00",9.20,CARD,4352816424338
11/10/2020 08:49,Aberdeen,Sharon Brown,"Large Filter coffee - 1.80, Regular Hot chocolate - 2.20,  Cortado - 2.05, Regular Flavoured latte - Caramel - 2.55, Large Filter coffee - 1.80",10.40,CASH,
11/10/2020 08:50,Aberdeen,Deborah Miller,"Regular Flavoured latte - Caramel - 2.55,  Flavoured iced latte - Caramel - 2.75",5.30,CARD,4935345367398
11/10/2020 08:51,Aberdeen,Kathleen Henderson," Speciality Tea - Camomile - 1.30,  Flavoured iced latte - Caramel - 2.75",4.05,CARD,4891385294198675
11/10/2020 08:52,Aberdeen,Molly Sroka," Speciality Tea - Green - 1.30,  Speciality Tea - Green - 1.30",2.60,CARD,42758456683210
11/10/2020 08:53,Aberdeen,John Schrock, Frappes - Strawberries & Cream - 2.75,2.75,CARD,6011366564354842
11/10/2020 08:53,Aberdeen,Raisa Bell," Speciality Tea - Green - 1.30, Large Chai latte - 2.60,  Hot Chocolate - 1.40,  Iced latte - 2.35",7.65,CASH,
11/10/2020 08:54,Aberdeen,James Gunn," Speciality Tea - Peppermint - 1.30,  Babyccino - 0.00,  Speciality Tea - Camomile - 1.30,  Smoothies - Carrot Kick - 2.00, Large Espresso - 1.80",6.40,CARD,5249672472685466
11/10/2020 08:55,Aberdeen,Lillie Curran," Hot Chocolate - 1.40,  Smoothies - Glowing Greens - 2.00,  Babyccino - 0.00,  Speciality Tea - Green - 1.30, Large Flavoured latte - Gingerbread - 2.85",7.55,CARD,4617432369491
11/10/2020 08:56,Aberdeen,Robert Reno,"Large Flavoured hot chocolate - Vanilla - 2.90,  Frappes - Strawberries & Cream - 2.75,  Iced latte - 2.35",8.00,CASH,
11/10/2020 08:57,Aberdeen,Adam Petty,"Large Espresso - 1.80,  Flavoured iced latte - Vanilla - 2.75, Large Chai latte - 2.60, Large Flavoured hot chocolate - Caramel - 2.90",10.05,CARD,54991739752871710
11/10/2020 08:58,Aberdeen,Jean Gonzales, Babyccino - 0.00,0.00,CARD,4637953945794579
11/10/2020 08:59,Aberdeen,Megan Acevedo,"Large Flavoured hot chocolate - Caramel - 2.90,  Speciality Tea - Green - 1.30,  Cortado - 2.05",6.25,CASH,
11/10/2020 09:00,Aberdeen,Cecilia Davis," Smoothies - Carrot Kick - 2.00,  Smoothies - Glowing Greens - 2.00,  Iced americano - 2.15,  Speciality Tea - Darjeeling - 1.30,  Smoothies - Carrot Kick - 2.00",9.45,CASH,
11/10/2020 09:01,Aberdeen,Christal Weslowski,"Large Americano - 2.25,  Speciality Tea - Fruit - 1.30",3.55,CASH,
11/10/2020 09:02,Aberdeen,Dorothy Micale,"Large Latte - 2.45, Large Latte - 2.45,  Cortado - 2.05, Large Filter coffee - 1.80, Large Filter coffee - 1.80",10.55,CASH,
11/10/2020 09:03,Aberdeen,Lorraine Owens,"Large Flavoured latte - Hazelnut - 2.85,  Flat white - 2.15,  Flavoured iced latte - Vanilla - 2.75,  Iced latte - 2.35",10.10,CASH,
11/10/2020 09:04,Aberdeen,Meredith Simmons," Speciality Tea - Darjeeling - 1.30,  Speciality Tea - Darjeeling - 1.30,  Frappes - Coffee - 2.75,  Speciality Tea - Fruit - 1.30,  Speciality Tea - Earl Grey - 1.30",7.95,CARD,4281496696156
11/10/2020 09:05,Aberdeen,Martha Foster," Speciality Tea - English breakfast - 1.30, Large Filter coffee - 1.80",3.10,CARD,6011494546349266
11/10/2020 09:06,Aberdeen,Brenda Wilson," Speciality Tea - English breakfast - 1.30,  Hot Chocolate - 1.40,  Speciality Tea - English breakfast - 1.30",4.00,CASH,
11/10/2020 09:07,Aberdeen,Jean Hughes, Speciality Tea - Camomile - 1.30,1.30,CARD,367312458847866
11/10/2020 09:07,Aberdeen,Jo Ruiz," Flavoured iced latte - Vanilla - 2.75, Large Flavoured hot chocolate - Hazelnut - 2.90, Large Latte - 2.45,  Babyccino - 0.00,  Flavoured iced latte - Hazelnut - 2.75",10.85,CARD,5464227129819311
11/10/2020 09:08,Aberdeen,Nadine Dail," Speciality Tea - Camomile - 1.30, Large Hot chocolate - 2.90,  Speciality Tea - Peppermint - 1.30",5.50,CARD,5453814942151155
11/10/2020 09:09,Aberdeen,Emily Mcconnel," Flavoured iced latte - Hazelnut - 2.75,  Speciality Tea - English breakfast - 1.30,  Speciality Tea - Camomile - 1.30",5.35,CARD,4626524817895
11/10/2020 09:10,Aberdeen,Lora Savoy," Speciality Tea - Earl Grey - 1.30,  Flavoured iced latte - Vanilla - 2.75,  Cortado - 2.05, Large Flavoured latte - Hazelnut - 2.85,  Flat white - 2.15",11.10,CARD,46915446917825710
11/10/2020 09:11,Aberdeen,Trinidad Perkins,"Large Espresso - 1.80,  Mocha - 2.30,  Flat white - 2.15, Large Flavoured hot chocolate - Caramel - 2.90",9.15,CARD,358679285863915
11/10/2020 09:12,Aberdeen,Peggy Hamblin," Speciality Tea - Peppermint - 1.30,  Hot Chocolate - 1.40, Regular Americano - 1.95,  Iced latte - 2.35",7.00,CARD,4371913959582
11/10/2020 09:13,Aberdeen,James Bray," Frappes - Chocolate Cookie - 2.75,  Speciality Tea - Darjeeling - 1.30",4.05,CASH,
11/10/2020 09:14,Aberdeen,Anna Lambert,Large Flavoured latte - Vanilla - 2.85,2.85,CASH,
11/10/2020 09:15,Aberdeen,Annie Jenkins,Large Luxury hot chocolate - 2.70,2.70,CASH,
11/10/2020 09:16,Aberdeen,Kevin Wile," Iced latte - 2.35,  Speciality Tea - Earl Grey - 1.30, Large Flavoured hot chocolate - Vanilla - 2.90",6.55,CASH,
11/10/2020 09:17,Aberdeen,Vanessa Henderson," Speciality Tea - Peppermint - 1.30,  Hot Chocolate - 1.40,  Flat white - 2.15",4.85,CASH,
11/10/2020 09:18,Aberdeen,Helen Autry," Babyccino - 0.00,  Speciality Tea - Green - 1.30,  Flavoured iced latte - Vanilla - 2.75, Regular Flavoured hot chocolate - Vanilla - 2.60",6.65,CASH,
11/10/2020 09:19,Aberdeen,Karen Simpson," Speciality Tea - Green - 1.30,  Speciality Tea - Green - 1.30, Large Latte - 2.45, Large Chai latte - 2.60,  Flavoured iced latte - Caramel - 2.75",10.40,CARD,4298434147799146
11/10/2020 09:20,Aberdeen,Bernadette Torgerson,Large Cappuccino - 2.45,2.45,CASH,
11/10/2020 09:21,Aberdeen,John Green,"Large Chai latte - 2.60, Large Flavoured hot chocolate - Hazelnut - 2.90,  Frappes - Strawberries & Cream - 2.75,  Babyccino - 0.00, Large Filter coffee - 1.80",10.05,CASH,
11/10/2020 09:21,Aberdeen,Kevin Duron,Regular Filter coffee - 1.50,1.50,CARD,6011136747857494
11/10/2020 09:22,Aberdeen,Scott Shirley,"Large Flavoured latte - Vanilla - 2.85,  Flavoured iced latte - Caramel - 2.75, Large Americano - 2.25,  Flavoured iced latte - Vanilla - 2.75, Regular Luxury hot chocolate - 2.40",13.00,CARD,374699326276349
11/10/2020 09:23,Aberdeen,Charlotte Mckinney,"Large Flavoured latte - Caramel - 2.85, Large Flavoured hot chocolate - Caramel - 2.90",5.75,CASH,
11/10/2020 09:24,Aberdeen,Kasandra Castillo, Speciality Tea - Fruit - 1.30,1.30,CARD,4715357198794
11/10/2020 09:25,Aberdeen,Richard Anderson," Smoothies - Berry Beautiful - 2.00,  Flavoured iced latte - Hazelnut - 2.75, Large Cappuccino - 2.45",7.20,CARD,5317165722813274
11/10/2020 09:26,Aberdeen,Anna Coates,"Regular Filter coffee - 1.50,  Smoothies - Glowing Greens - 2.00,  Smoothies - Berry Beautiful - 2.00, Regular Flavoured latte - Vanilla - 2.55, Large Cappuccino - 2.45",10.50,CARD,4528643613348
11/10/2020 09:27,Aberdeen,John Day,"Large Luxury hot chocolate - 2.70,  Hot Chocolate - 1.40, Regular Flavoured hot chocolate - Vanilla - 2.60, Large Hot chocolate - 2.90",9.60,CASH,
11/10/2020 09:28,Aberdeen,Jeffery Mitchell," Flavoured iced latte - Caramel - 2.75, Large Flavoured hot chocolate - Vanilla - 2.90,  Speciality Tea - English breakfast - 1.30",6.95,CARD,4974362385587
11/10/2020 09:29,Aberdeen,Emma Nova," Speciality Tea - Peppermint - 1.30,  Glass of milk - 0.70",2.00,CASH,
11/10/2020 09:30,Aberdeen,Doris Aviles," Speciality Tea - Darjeeling - 1.30,  Smoothies - Glowing Greens - 2.00,  Flavoured iced latte - Vanilla - 2.75, Large Latte - 2.45, Large Espresso - 1.80",10.30,CASH,
11/10/2020 09:31,Aberdeen,Mark Atencio," Frappes - Chocolate Cookie - 2.75,  Flavoured iced latte - Hazelnut - 2.75",5.50,CARD,44212536851710
11/10/2020 09:32,Aberdeen,Kurt Qualls," Flavoured iced latte - Hazelnut - 2.75,  Hot Chocolate - 1.40",4.15,CARD,41118937318610
11/10/2020 09:33,Aberdeen,Evelyn Brown,"Large Chai latte - 2.60, Large Hot chocolate - 2.90,  Babyccino - 0.00, Regular Flavoured latte - Gingerbread - 2.55",8.05,CASH,
11/10/2020 09:34,Aberdeen,Dana Hilton,"Large Flavoured latte - Hazelnut - 2.85,  Speciality Tea - Green - 1.30, Large Flavoured latte - Vanilla - 2.85,  Red Label tea - 1.20, Large Hot chocolate - 2.90",11.10,CARD,4853714268641764
11/10/2020 09:35,Aberdeen,Linda Keding, Speciality Tea - Green - 1.30,1.30,CARD,375151156672337
11/10/2020 09:35,Aberdeen,Ruth Higgins, Flavoured iced latte - Caramel - 2.75,2.75,CASH,
11/10/2020 09:36,Aberdeen,Kenneth Slade, Cortado - 2.05,2.05,CASH,
11/10/2020 09:37,Aberdeen,John Friesner," Flavoured iced latte - Caramel - 2.75,  Speciality Tea - Earl Grey - 1.30, Regular Flavoured hot chocolate - Vanilla - 2.60",6.65,CASH,
11/10/2020 09:38,Aberdeen,Marilyn Robbins, Speciality Tea - Fruit - 1.30,1.30,CARD,6011226889574153
11/10/2020 09:39,Aberdeen,Noel Hyatt," Frappes - Strawberries & Cream - 2.75,  Speciality Tea - Earl Grey - 1.30,  Flavoured iced latte - Vanilla - 2.75,  Frappes - Coffee - 2.75",9.55,CARD,4311226327939465
11/10/2020 09:40,Aberdeen,Glen Miller," Smoothies - Carrot Kick - 2.00,  Babyccino - 0.00,  Mocha - 2.30",4.30,CARD,3633658228393110
11/10/2020 09:41,Aberdeen,Kim Hall," Glass of milk - 0.70,  Speciality Tea - Earl Grey - 1.30, Regular Filter coffee - 1.50,  Iced latte - 2.35,  Speciality Tea - Earl Grey - 1.30",7.15,CARD,6011737421254328
11/10/2020 09:42,Aberdeen,Maria Johnson, Speciality Tea - Peppermint - 1.30,1.30,CARD,353864211992559
11/10/2020 09:43,Aberdeen,Robert Colon," Smoothies - Glowing Greens - 2.00,  Smoothies - Carrot Kick - 2.00,  Babyccino - 0.00, Regular Luxury hot chocolate - 2.40,  Babyccino - 0.00",6.40,CARD,6011951963524515
11/10/2020 09:44,Aberdeen,Terry Osmun," Flavoured iced latte - Caramel - 2.75, Large Espresso - 1.80, Large Espresso - 1.80",6.35,CARD,5516983811979791
11/10/2020 09:45,Aberdeen,Marjorie Mitchell," Smoothies - Carrot Kick - 2.00,  Flat white - 2.15, Large Flavoured hot chocolate - Vanilla - 2.90,  Speciality Tea - Green - 1.30",8.35,CARD,4693457926739
11/10/2020 09:46,Aberdeen,Tommy Clifton," Glass of milk - 0.70,  Smoothies - Carrot Kick - 2.00,  Flat white - 2.15,  Flavoured iced latte - Vanilla - 2.75,  Iced americano - 2.15",9.75,CASH,
11/10/2020 09:47,Aberdeen,Flora Owens,Large Flavoured latte - Hazelnut - 2.85,2.85,CARD,4271994891813
11/10/2020 09:48,Aberdeen,Maria Mcmullen,Large Filter coffee - 1.80,1.80,CASH,
11/10/2020 09:49,Aberdeen,John Franken," Smoothies - Berry Beautiful - 2.00, Large Hot chocolate - 2.90, Large Flavoured hot chocolate - Vanilla - 2.90,  Flavoured iced latte - Hazelnut - 2.75,  Frappes - Coffee - 2.75",13.30,CARD,4471249919993
11/10/2020 09:49,Aberdeen,Paul Edgington,"Large Flavoured latte - Vanilla - 2.85,  Speciality Tea - Earl Grey - 1.30, Regular Americano - 1.95,  Frappes - Coffee - 2.75, Regular Luxury hot chocolate - 2.40",11.25,CASH,
11/10/2020 09:50,Aberdeen,Antonia Peccia," Speciality Tea - English breakfast - 1.30,  Flavoured iced latte - Caramel - 2.75,  Flat white - 2.15",6.20,CARD,369574461725136
11/10/2020 09:51,Aberdeen,Brandon Green," Speciality Tea - Darjeeling - 1.30,  Speciality Tea - Peppermint - 1.30, Large Flavoured hot chocolate - Vanilla - 2.90, Regular Flavoured latte - Hazelnut - 2.55",8.05,CASH,
11/10/2020 09:52,Aberdeen,Margaret Harvey," Flat white - 2.15, Large Flavoured latte - Gingerbread - 2.85, Large Chai latte - 2.60,  Speciality Tea - Darjeeling - 1.30,  Mocha - 2.30",11.20,CARD,367722373731351
11/10/2020 09:53,Aberdeen,Lynda French,"Large Flavoured hot chocolate - Caramel - 2.90,  Flat white - 2.15",5.05,CASH,
11/10/2020 09:54,Aberdeen,Tony Valentine, Speciality Tea - Camomile - 1.30,1.30,CASH,
11/10/2020 09:55,Aberdeen,Toni Sullivan, Speciality Tea - Earl Grey - 1.30,1.30,CARD,369231175147145
11/10/2020 09:56,Aberdeen,Aura Wetherbee," Smoothies - Berry Beautiful - 2.00, Regular Filter coffee - 1.50",3.50,CARD,6011414713788369
11/10/2020 09:57,Aberdeen,Sandra Chadwick," Cortado - 2.05,  Frappes - Coffee - 2.75,  Flavoured iced latte - Vanilla - 2.75",7.55,CARD,362296244697617
11/10/2020 09:58,Aberdeen,Patricia Thompson,"Large Flavoured hot chocolate - Caramel - 2.90,  Flavoured iced latte - Hazelnut - 2.75, Regular Flavoured latte - Gingerbread - 2.55",8.20,CASH,
11/10/2020 09:59,Aberdeen,Harold Brafman," Glass of milk - 0.70, Large Flavoured latte - Hazelnut - 2.85, Large Chai latte - 2.60, Large Flavoured hot chocolate - Vanilla - 2.90,  Flavoured iced latte - Vanilla - 2.75",11.80,CASH,
11/10/2020 10:00,Aberdeen,Winifred Wolley," Red Label tea - 1.20,  Babyccino - 0.00, Large Filter coffee - 1.80, Large Flavoured hot chocolate - Hazelnut - 2.90",5.90,CARD,5524849578542983
11/10/2020 10:01,Aberdeen,Becky Sullivan," Cortado - 2.05, Large Latte - 2.45, Large Flavoured latte - Caramel - 2.85,  Mocha - 2.30",9.65,CASH,
11/10/2020 10:03,Aberdeen,Elisha Mello,"Large Chai latte - 2.60,  Iced latte - 2.35",4.95,CARD,4214825582933697
11/10/2020 10:04,Aberdeen,Delores Brown," Glass of milk - 0.70,  Speciality Tea - Green - 1.30",2.00,CARD,5538666748253414
11/10/2020 10:06,Aberdeen,Brenda Buhl," Speciality Tea - Peppermint - 1.30,  Smoothies - Berry Beautiful - 2.00,  Flavoured iced latte - Hazelnut - 2.75,  Frappes - Strawberries & Cream - 2.75",8.80,CARD,5152973554733249
11/10/2020 10:07,Aberdeen,Pia Vargas," Smoothies - Carrot Kick - 2.00, Large Latte - 2.45",4.45,CARD,6011696754232865
11/10/2020 10:09,Aberdeen,Shelly Castellanos," Speciality Tea - Camomile - 1.30, Large Flavoured hot chocolate - Caramel - 2.90,  Babyccino - 0.00, Large Chai latte - 2.60",6.80,CASH,
11/10/2020 10:10,Aberdeen,Brandon Tucker," Iced americano - 2.15,  Hot Chocolate - 1.40, Regular Americano - 1.95, Regular Latte - 2.15",7.65,CARD,6011651431736259
11/10/2020 10:12,Aberdeen,Jane Thomas," Speciality Tea - Peppermint - 1.30, Regular Americano - 1.95,  Frappes - Strawberries & Cream - 2.75,  Glass of milk - 0.70",6.70,CARD,6011393518994952
11/10/2020 10:14,Aberdeen,Doris Rector, Speciality Tea - Darjeeling - 1.30,1.30,CARD,4491971393527999
11/10/2020 10:15,Aberdeen,Emery Syers," Frappes - Chocolate Cookie - 2.75, Large Flavoured hot chocolate - Caramel - 2.90, Large Flavoured hot chocolate - Vanilla - 2.90,  Flat white - 2.15,  Speciality Tea - Peppermint - 1.30",12.00,CASH,
11/10/2020 10:17,Aberdeen,Larry Maas,Large Hot chocolate - 2.90,2.90,CASH,
11/10/2020 10:18,Aberdeen,Charlie Kelly," Speciality Tea - English breakfast - 1.30,  Speciality Tea - Fruit - 1.30,  Babyccino - 0.00, Large Americano - 2.25",4.85,CASH,
11/10/2020 10:20,Aberdeen,Victor Taylor," Mocha - 2.30, Large Cappuccino - 2.45,  Speciality Tea - Darjeeling - 1.30, Regular Flavoured hot chocolate - Hazelnut - 2.60",8.65,CARD,6011413319479571
11/10/2020 10:21,Aberdeen,Bonnie Pontbriand, Frappes - Chocolate Cookie - 2.75,2.75,CASH,
11/10/2020 10:23,Aberdeen,George Woodard," Flavoured iced latte - Hazelnut - 2.75,  Speciality Tea - Green - 1.30",4.05,CASH,
11/10/2020 10:24,Aberdeen,Thomas Cooper," Mocha - 2.30,  Flavoured iced latte - Caramel - 2.75,  Iced americano - 2.15, Regular Hot chocolate - 2.20",9.40,CARD,365438628625437
11/10/2020 10:26,Aberdeen,George Wong," Flavoured iced latte - Caramel - 2.75,  Iced latte - 2.35,  Flavoured iced latte - Hazelnut - 2.75, Large Flavoured hot chocolate - Caramel - 2.90",10.75,CARD,54721116845618910
11/10/2020 10:27,Aberdeen,Carlos Mckinnon," Speciality Tea - Green - 1.30,  Smoothies - Carrot Kick - 2.00, Large Americano - 2.25",5.55,CARD,6011323792978967
11/10/2020 10:29,Aberdeen,Ben Ward,"Large Filter coffee - 1.80,  Flavoured iced latte - Vanilla - 2.75",4.55,CARD,4836476662111156
11/10/2020 10:30,Aberdeen,Elizabeth Corkill," Hot Chocolate - 1.40,  Flat white - 2.15,  Speciality Tea - Green - 1.30",4.85,CASH,
11/10/2020 10:32,Aberdeen,Robert Matthew," Speciality Tea - Green - 1.30, Large Flavoured hot chocolate - Vanilla - 2.90, Large Flavoured hot chocolate - Caramel - 2.90",7.10,CARD,6011848922571944
11/10/2020 10:33,Aberdeen,Jenni Lopez,"Large Luxury hot chocolate - 2.70, Large Americano - 2.25,  Flavoured iced latte - Vanilla - 2.75",7.70,CARD,6011148921432176
11/10/2020 10:35,Aberdeen,Ruby Scott," Babyccino - 0.00,  Frappes - Strawberries & Cream - 2.75,  Frappes - Chocolate Cookie - 2.75",5.50,CASH,
11/10/2020 10:37,Aberdeen,Martin Nicholson,"Large Filter coffee - 1.80,  Speciality Tea - Camomile - 1.30, Regular Cappuccino - 2.15",5.25,CARD,4221539224327
11/10/2020 10:38,Aberdeen,Cody Wells,"Large Flavoured hot chocolate - Caramel - 2.90,  Speciality Tea - Fruit - 1.30,  Flavoured iced latte - Hazelnut - 2.75,  Speciality Tea - Darjeeling - 1.30, Large Chai latte - 2.60",10.85,CASH,
11/10/2020 10:40,Aberdeen,Craig Charette," Flat white - 2.15,  Glass of milk - 0.70,  Speciality Tea - Earl Grey - 1.30, Large Flavoured latte - Vanilla - 2.85",7.00,CASH,
11/10/2020 10:41,Aberdeen,Carol Gunn," Frappes - Strawberries & Cream - 2.75,  Iced americano - 2.15,  Smoothies - Berry Beautiful - 2.00,  Frappes - Strawberries & Cream - 2.75",9.65,CARD,4324235925385
11/10/2020 10:43,Aberdeen,Cruz Lowe," Speciality Tea - English breakfast - 1.30, Regular Latte - 2.15,  Speciality Tea - Camomile - 1.30,  Smoothies - Berry Beautiful - 2.00",6.75,CARD,346257333197944
11/10/2020 10:44,Aberdeen,Debra Watkins," Babyccino - 0.00,  Speciality Tea - Camomile - 1.30",1.30,CASH,
11/10/2020 10:46,Aberdeen,Jim Caron," Frappes - Coffee - 2.75,  Frappes - Chocolate Cookie - 2.75,  Frappes - Chocolate Cookie - 2.75, Large Americano - 2.25, Large Filter coffee - 1.80",12.30,CARD,4414712763258
11/10/2020 10:47,Aberdeen,Yajaira Miller,"Large Latte - 2.45,  Hot Chocolate - 1.40",3.85,CARD,5546174816442381
11/10/2020 10:49,Aberdeen,Shelby Green," Flavoured iced latte - Vanilla - 2.75,  Flavoured iced latte - Caramel - 2.75,  Babyccino - 0.00, Regular Espresso - 1.50",7.00,CASH,
11/10/2020 10:50,Aberdeen,Tamara Fritch,"Regular Latte - 2.15, Large Hot chocolate - 2.90",5.05,CARD,347745971265592
11/10/2020 10:52,Aberdeen,Lorene Morrow,"Regular Flavoured hot chocolate - Hazelnut - 2.60,  Flavoured iced latte - Vanilla - 2.75, Large Americano - 2.25, Regular Cappuccino - 2.15",9.75,CASH,
11/10/2020 10:53,Aberdeen,Helen Dean," Flavoured iced latte - Caramel - 2.75,  Flavoured iced latte - Vanilla - 2.75,  Glass of milk - 0.70,  Frappes - Coffee - 2.75",8.95,CARD,60119621199864910
11/10/2020 10:55,Aberdeen,Kisha Flores, Iced americano - 2.15,2.15,CASH,
11/10/2020 10:56,Aberdeen,Gertrude Sokolsky,"Regular Luxury hot chocolate - 2.40,  Flat white - 2.15, Regular Filter coffee - 1.50",6.05,CASH,
11/10/2020 10:58,Aberdeen,Barry Bartoszek,"Large Flavoured latte - Gingerbread - 2.85,  Frappes - Chocolate Cookie - 2.75,  Flavoured iced latte - Caramel - 2.75",8.35,CARD,4443881632978458
11/10/2020 11:00,Aberdeen,Benjamin Salazar, Flavoured iced latte - Vanilla - 2.75,2.75,CARD,379776283369823
11/10/2020 11:00,Aberdeen,Alice Baty,"Large Flavoured latte - Caramel - 2.85,  Smoothies - Glowing Greens - 2.00,  Mocha - 2.30",7.15,CASH,
11/10/2020 11:01,Aberdeen,James Corley,"Large Filter coffee - 1.80,  Iced americano - 2.15, Regular Flavoured latte - Gingerbread - 2.55",6.50,CASH,
11/10/2020 11:01,Aberdeen,Lawrence Woods," Glass of milk - 0.70, Regular Chai latte - 2.30, Regular Filter coffee - 1.50,  Frappes - Coffee - 2.75, Regular Hot chocolate - 2.20",9.45,CARD,5253628674142329
11/10/2020 11:02,Aberdeen,Heidi Sutter, Speciality Tea - Peppermint - 1.30,1.30,CASH,
11/10/2020 11:02,Aberdeen,Heather Garcia," Speciality Tea - Camomile - 1.30,  Smoothies - Carrot Kick - 2.00, Large Americano - 2.25, Regular Flavoured latte - Hazelnut - 2.55,  Flavoured iced latte - Vanilla - 2.75",10.85,CARD,4587763362736437
11/10/2020 11:03,Aberdeen,Jessica Langston,"Regular Flavoured latte - Caramel - 2.55,  Flavoured iced latte - Hazelnut - 2.75",5.30,CASH,
11/10/2020 11:03,Aberdeen,Denise Burchfield,"Regular Flavoured hot chocolate - Hazelnut - 2.60,  Speciality Tea - English breakfast - 1.30",3.90,CASH,
11/10/2020 11:04,Aberdeen,Pearlie Dobles,Large Espresso - 1.80,1.80,CASH,
11/10/2020 11:04,Aberdeen,Audrey Silva, Speciality Tea - Fruit - 1.30,1.30,CARD,5183483117433868
11/10/2020 11:05,Aberdeen,David Cunningham," Flavoured iced latte - Vanilla - 2.75, Large Flavoured latte - Vanilla - 2.85,  Hot Chocolate - 1.40,  Flavoured iced latte - Hazelnut - 2.75",9.75,CASH,
11/10/2020 11:05,Aberdeen,Mary Powell, Flavoured iced latte - Vanilla - 2.75,2.75,CASH,
11/10/2020 11:06,Aberdeen,Chad Baker, Frappes - Strawberries & Cream - 2.75,2.75,CARD,4742332811638636
11/10/2020 11:06,Aberdeen,Patricia Hirsch," Speciality Tea - Earl Grey - 1.30,  Flavoured iced latte - Vanilla - 2.75, Large Flavoured hot chocolate - Caramel - 2.90,  Flavoured iced latte - Vanilla - 2.75, Large Flavoured latte - Caramel - 2.85",12.55,CARD,4837617876462
11/10/2020 11:07,Aberdeen,Gussie Haile," Speciality Tea - Darjeeling - 1.30, Large Flavoured hot chocolate - Vanilla - 2.90,  Flavoured iced latte - Caramel - 2.75,  Cortado - 2.05, Regular Latte - 2.15",11.15,CASH,
11/10/2020 11:08,Aberdeen,Alex Benton,"Regular Americano - 1.95,  Frappes - Coffee - 2.75",4.70,CARD,4998282975672
11/10/2020 11:08,Aberdeen,Ana Hirt," Hot Chocolate - 1.40,  Glass of milk - 0.70,  Flavoured iced latte - Vanilla - 2.75",4.85,CASH,
11/10/2020 11:09,Aberdeen,Richard Levine,Large Latte - 2.45,2.45,CARD,5188589439788782
11/10/2020 11:09,Aberdeen,Jody Baker,"Large Filter coffee - 1.80,  Speciality Tea - Earl Grey - 1.30, Large Americano - 2.25, Large Flavoured latte - Hazelnut - 2.85",8.20,CARD,4819992445857
11/10/2020 11:10,Aberdeen,Marjorie Colvin,Large Espresso - 1.80,1.80,CASH,
11/10/2020 11:10,Aberdeen,Betty Sanfilippo, Hot Chocolate - 1.40,1.40,CASH,
11/10/2020 11:11,Aberdeen,Paul Hale," Speciality Tea - English breakfast - 1.30,  Smoothies - Glowing Greens - 2.00",3.30,CASH,
11/10/2020 11:11,Aberdeen,Lucas Philips," Flavoured iced latte - Caramel - 2.75, Regular Cappuccino - 2.15,  Iced americano - 2.15,  Red Label tea - 1.20",8.25,CASH,
11/10/2020 11:12,Aberdeen,Judith Short," Speciality Tea - Darjeeling - 1.30,  Mocha - 2.30",3.60,CARD,4728483778322
11/10/2020 11:12,Aberdeen,Annie Buckner,"Large Flavoured hot chocolate - Caramel - 2.90,  Speciality Tea - Earl Grey - 1.30,  Hot Chocolate - 1.40, Regular Flavoured hot chocolate - Hazelnut - 2.60",8.20,CASH,
11/10/2020 11:13,Aberdeen,Andrew Franco,"Regular Flavoured hot chocolate - Caramel - 2.60, Large Chai latte - 2.60,  Flavoured iced latte - Caramel - 2.75",7.95,CARD,5484498771169166
11/10/2020 11:13,Aberdeen,Paula Willis," Speciality Tea - Green - 1.30, Regular Filter coffee - 1.50,  Babyccino - 0.00",2.80,CARD,41127897448113610
11/10/2020 11:14,Aberdeen,Casey Mcmurry," Mocha - 2.30, Large Flavoured hot chocolate - Caramel - 2.90, Large Flavoured latte - Hazelnut - 2.85,  Speciality Tea - Green - 1.30",9.35,CASH,
11/10/2020 11:14,Aberdeen,Lee Ortiz," Speciality Tea - Darjeeling - 1.30,  Iced americano - 2.15",3.45,CARD,4815241846742424
11/10/2020 11:15,Aberdeen,Sandra Phipps," Smoothies - Berry Beautiful - 2.00, Large Flavoured latte - Vanilla - 2.85, Large Chai latte - 2.60, Large Luxury hot chocolate - 2.70,  Mocha - 2.30",12.45,CARD,6011297915992248
11/10/2020 11:16,Aberdeen,Dana Sutton,Regular Flavoured hot chocolate - Hazelnut - 2.60,2.60,CARD,6011357645245984
11/10/2020 11:16,Aberdeen,Sarah Hurley," Frappes - Strawberries & Cream - 2.75,  Speciality Tea - Earl Grey - 1.30,  Speciality Tea - Fruit - 1.30, Regular Filter coffee - 1.50,  Flavoured iced latte - Hazelnut - 2.75",9.60,CARD,5134361418697136
11/10/2020 11:17,Aberdeen,Donna Pierce," Flat white - 2.15,  Red Label tea - 1.20, Large Flavoured latte - Hazelnut - 2.85, Large Flavoured latte - Gingerbread - 2.85",9.05,CARD,4217258234448
11/10/2020 11:17,Aberdeen,Jean Lutz," Smoothies - Carrot Kick - 2.00,  Smoothies - Glowing Greens - 2.00,  Mocha - 2.30",6.30,CASH,
11/10/2020 11:18,Aberdeen,Roger Judd,Large Filter coffee - 1.80,1.80,CARD,60111224581882210
11/10/2020 11:18,Aberdeen,Charles Ridenour," Hot Chocolate - 1.40,  Flavoured iced latte - Caramel - 2.75, Regular Flavoured hot chocolate - Vanilla - 2.60, Large Flavoured hot chocolate - Hazelnut - 2.90",9.65,CARD,4676694663173
11/10/2020 11:19,Aberdeen,Priscilla Mckown," Flavoured iced latte - Caramel - 2.75,  Flat white - 2.15",4.90,CARD,5566663944821826
11/10/2020 11:19,Aberdeen,Wanda Reed," Smoothies - Berry Beautiful - 2.00, Large Flavoured hot chocolate - Hazelnut - 2.90,  Speciality Tea - Green - 1.30",6.20,CASH,
11/10/2020 11:20,Aberdeen,Laquita Gantt,"Regular Chai latte - 2.30,  Cortado - 2.05",4.35,CASH,
11/10/2020 11:20,Aberdeen,Jimmie Shah," Smoothies - Berry Beautiful - 2.00,  Red Label tea - 1.20",3.20,CARD,6011625383837919
11/10/2020 11:21,Aberdeen,Nell Askins, Speciality Tea - Darjeeling - 1.30,1.30,CASH,
11/10/2020 11:21,Aberdeen,Terri Richardson, Smoothies - Glowing Greens - 2.00,2.00,CARD,364727645713742
11/10/2020 11:22,Aberdeen,Karen Giard,"Large Hot chocolate - 2.90,  Smoothies - Glowing Greens - 2.00",4.90,CARD,6011849614541849
11/10/2020 11:22,Aberdeen,Daniel Warren, Frappes - Chocolate Cookie - 2.75,2.75,CARD,6011255375864364
11/10/2020 11:23,Aberdeen,Holly Martinez, Red Label tea - 1.20,1.20,CASH,
11/10/2020 11:24,Aberdeen,Robert Brunson, Smoothies - Glowing Greens - 2.00,2.00,CARD,6011221683244855
11/10/2020 11:24,Aberdeen,Cindy Barone, Frappes - Strawberries & Cream - 2.75,2.75,CASH,
11/10/2020 11:25,Aberdeen,Homer Hubbard," Mocha - 2.30,  Speciality Tea - English breakfast - 1.30,  Smoothies - Berry Beautiful - 2.00,  Babyccino - 0.00",5.60,CARD,41331244342710
11/10/2020 11:25,Aberdeen,Ida Hirschman, Flavoured iced latte - Vanilla - 2.75,2.75,CASH,
11/10/2020 11:26,Aberdeen,Pearl Hernandez,Large Flavoured latte - Hazelnut - 2.85,2.85,CARD,364647579759356
11/10/2020 11:26,Aberdeen,Oscar Do,"Large Flavoured latte - Gingerbread - 2.85, Regular Latte - 2.15,  Hot Chocolate - 1.40",6.40,CARD,3713826981544510
11/10/2020 11:27,Aberdeen,Mary Sarvas,"Large Flavoured latte - Vanilla - 2.85,  Speciality Tea - Peppermint - 1.30",4.15,CARD,378824728336253
11/10/2020 11:27,Aberdeen,Stanford Jackson," Speciality Tea - Darjeeling - 1.30,  Speciality Tea - Green - 1.30, Large Chai latte - 2.60",5.20,CARD,5576959617214259
11/10/2020 11:28,Aberdeen,Kimberly Dieteman," Red Label tea - 1.20,  Flavoured iced latte - Hazelnut - 2.75",3.95,CARD,6011465885793611
11/10/2020 11:28,Aberdeen,James Davenport," Flavoured iced latte - Vanilla - 2.75,  Speciality Tea - Fruit - 1.30,  Iced americano - 2.15",6.20,CASH,
11/10/2020 11:29,Aberdeen,Delores Wilson," Speciality Tea - Camomile - 1.30,  Mocha - 2.30,  Flavoured iced latte - Vanilla - 2.75",6.35,CARD,4992738776851955
11/10/2020 11:29,Aberdeen,Henry Diaz, Speciality Tea - Fruit - 1.30,1.30,CASH,
11/10/2020 11:30,Aberdeen,Wayne Girard," Speciality Tea - Fruit - 1.30,  Iced americano - 2.15,  Speciality Tea - Earl Grey - 1.30,  Speciality Tea - Green - 1.30, Large Flavoured latte - Caramel - 2.85",8.90,CARD,377977114997574
11/10/2020 11:30,Aberdeen,Emily Hodnett," Flat white - 2.15, Large Chai latte - 2.60,  Hot Chocolate - 1.40, Regular Luxury hot chocolate - 2.40",8.55,CARD,6011151239183598
11/10/2020 11:31,Aberdeen,James Jordan,"Large Chai latte - 2.60, Large Latte - 2.45,  Flavoured iced latte - Vanilla - 2.75,  Flavoured iced latte - Vanilla - 2.75",10.55,CASH,
11/10/2020 11:32,Aberdeen,Adelaida Domingue, Smoothies - Berry Beautiful - 2.00,2.00,CASH,
11/10/2020 11:32,Aberdeen,Judith Wilson,"Large Flavoured latte - Vanilla - 2.85, Large Flavoured latte - Vanilla - 2.85",5.70,CARD,6011112348527174
11/10/2020 11:33,Aberdeen,Josephine Lonergan, Speciality Tea - Earl Grey - 1.30,1.30,CARD,5151148646273741
11/10/2020 11:33,Aberdeen,James Kelsey,"Large Flavoured latte - Gingerbread - 2.85,  Frappes - Coffee - 2.75,  Speciality Tea - Green - 1.30, Regular Espresso - 1.50,  Speciality Tea - Fruit - 1.30",9.70,CARD,373896913553574
11/10/2020 11:34,Aberdeen,Alden Lawrence, Speciality Tea - Green - 1.30,1.30,CARD,6011215714461439
11/10/2020 11:34,Aberdeen,Jacques Gerber,"Large Flavoured latte - Gingerbread - 2.85,  Mocha - 2.30, Large Hot chocolate - 2.90",8.05,CARD,4222981445386
11/10/2020 11:35,Aberdeen,Ruth Byers," Speciality Tea - Green - 1.30, Large Cappuccino - 2.45, Large Americano - 2.25,  Speciality Tea - Peppermint - 1.30,  Flat white - 2.15",9.45,CARD,42473897636510
11/10/2020 11:35,Aberdeen,Jerry Tellier,"Large Flavoured latte - Vanilla - 2.85, Regular Filter coffee - 1.50,  Speciality Tea - Darjeeling - 1.30, Regular Espresso - 1.50",7.15,CARD,6011559837437952
11/10/2020 11:36,Aberdeen,Jerry Mcintyre,"Regular Cappuccino - 2.15,  Speciality Tea - Earl Grey - 1.30, Large Americano - 2.25,  Hot Chocolate - 1.40",7.10,CASH,
11/10/2020 11:36,Aberdeen,Richard Snellen,"Large Americano - 2.25, Large Flavoured hot chocolate - Caramel - 2.90",5.15,CARD,5131244715677436
11/10/2020 11:37,Aberdeen,Kayla Ramirez," Babyccino - 0.00,  Hot Chocolate - 1.40,  Flavoured iced latte - Vanilla - 2.75, Large Flavoured latte - Vanilla - 2.85",7.00,CARD,60115774243796510
11/10/2020 11:37,Aberdeen,David Halton, Smoothies - Glowing Greens - 2.00,2.00,CASH,
11/10/2020 11:38,Aberdeen,Mark Mccarty,Large Latte - 2.45,2.45,CASH,
11/10/2020 11:38,Aberdeen,Judith Barrio,"Large Flavoured latte - Vanilla - 2.85, Large Americano - 2.25,  Frappes - Coffee - 2.75,  Flat white - 2.15,  Frappes - Coffee - 2.75",12.75,CARD,5315645813689768
11/10/2020 11:39,Aberdeen,Michelle Ha,Large Flavoured latte - Vanilla - 2.85,2.85,CASH,
11/10/2020 11:40,Aberdeen,Forrest Kenny," Flavoured iced latte - Hazelnut - 2.75, Large Latte - 2.45, Regular Flavoured latte - Caramel - 2.55,  Speciality Tea - Green - 1.30,  Red Label tea - 1.20",10.25,CASH,
11/10/2020 11:40,Aberdeen,Hector Barba," Hot Chocolate - 1.40,  Smoothies - Glowing Greens - 2.00,  Iced americano - 2.15",5.55,CARD,4988323943458
11/10/2020 11:41,Aberdeen,Virginia Candelaria," Red Label tea - 1.20,  Frappes - Strawberries & Cream - 2.75",3.95,CARD,349114878464196
11/10/2020 11:41,Aberdeen,Robert Burton," Frappes - Coffee - 2.75, Regular Hot chocolate - 2.20,  Babyccino - 0.00",4.95,CARD,4817124274238586
11/10/2020 11:42,Aberdeen,Barbara Baker," Speciality Tea - Green - 1.30,  Speciality Tea - Green - 1.30",2.60,CARD,4514416961691788
11/10/2020 11:42,Aberdeen,Celia Dugan," Babyccino - 0.00, Regular Luxury hot chocolate - 2.40",2.40,CARD,4462421976646
11/10/2020 11:43,Aberdeen,Christopher Martinez,"Large Latte - 2.45, Large Flavoured latte - Caramel - 2.85,  Frappes - Coffee - 2.75,  Flavoured iced latte - Caramel - 2.75,  Flavoured iced latte - Vanilla - 2.75",13.55,CARD,4181656917282487
11/10/2020 11:43,Aberdeen,Jerry Engelken," Frappes - Strawberries & Cream - 2.75,  Mocha - 2.30, Large Flavoured latte - Hazelnut - 2.85,  Flavoured iced latte - Vanilla - 2.75",10.65,CARD,347993996621155
11/10/2020 11:44,Aberdeen,Iris Turso, Flavoured iced latte - Caramel - 2.75,2.75,CARD,4728977843773674
11/10/2020 11:44,Aberdeen,Pedro Brown," Speciality Tea - Darjeeling - 1.30,  Flavoured iced latte - Hazelnut - 2.75",4.05,CASH,
11/10/2020 11:45,Aberdeen,Mary Nguyen, Iced americano - 2.15,2.15,CASH,
11/10/2020 11:45,Aberdeen,Jaime Anderson,"Large Flavoured latte - Caramel - 2.85, Regular Chai latte - 2.30,  Mocha - 2.30,  Smoothies - Berry Beautiful - 2.00",9.45,CARD,357611326883389
11/10/2020 11:46,Aberdeen,Ted Hicks," Speciality Tea - Fruit - 1.30,  Frappes - Coffee - 2.75,  Speciality Tea - Darjeeling - 1.30, Regular Flavoured hot chocolate - Caramel - 2.60,  Speciality Tea - English breakfast - 1.30",9.25,CARD,5298456742614757
11/10/2020 11:46,Aberdeen,Michael Hennessy,Large Flavoured latte - Caramel - 2.85,2.85,CARD,6011622123238276
11/10/2020 11:47,Aberdeen,Suzanne Bauer," Flavoured iced latte - Caramel - 2.75, Regular Flavoured latte - Gingerbread - 2.55, Large Cappuccino - 2.45,  Speciality Tea - Fruit - 1.30",9.05,CARD,5455966878851337
11/10/2020 11:48,Aberdeen,Hector Smith,"Large Flavoured latte - Hazelnut - 2.85,  Flavoured iced latte - Vanilla - 2.75",5.60,CASH,
11/10/2020 11:48,Aberdeen,Michael Williams, Speciality Tea - Darjeeling - 1.30,1.30,CASH,
11/10/2020 11:49,Aberdeen,Curtis Watson," Speciality Tea - Earl Grey - 1.30, Large Latte - 2.45,  Flavoured iced latte - Caramel - 2.75",6.50,CARD,351221712794947
11/10/2020 11:49,Aberdeen,Maria Pierson," Flavoured iced latte - Hazelnut - 2.75,  Frappes - Coffee - 2.75",5.50,CASH,
11/10/2020 11:50,Aberdeen,Frank Long," Iced latte - 2.35,  Smoothies - Berry Beautiful - 2.00,  Speciality Tea - Earl Grey - 1.30, Regular Flavoured latte - Caramel - 2.55",8.20,CARD,4955285447271598
11/10/2020 11:50,Aberdeen,Allison Verrastro," Smoothies - Carrot Kick - 2.00, Large Cappuccino - 2.45,  Speciality Tea - Peppermint - 1.30",5.75,CASH,
11/10/2020 11:51,Aberdeen,Allen Carnillo," Smoothies - Berry Beautiful - 2.00, Regular Chai latte - 2.30",4.30,CARD,4198816777195176
11/10/2020 11:51,Aberdeen,Antonio White," Frappes - Chocolate Cookie - 2.75,  Cortado - 2.05, Large Latte - 2.45, Regular Flavoured latte - Vanilla - 2.55",9.80,CASH,
11/10/2020 11:52,Aberdeen,Frank Honeycutt," Red Label tea - 1.20,  Frappes - Strawberries & Cream - 2.75, Large Latte - 2.45",6.40,CASH,
11/10/2020 11:52,Aberdeen,Christine Leneave, Smoothies - Glowing Greens - 2.00,2.00,CARD,4886748663881428
11/10/2020 11:53,Aberdeen,Shirley Graham," Speciality Tea - Earl Grey - 1.30,  Speciality Tea - Peppermint - 1.30",2.60,CARD,5518943266595714
11/10/2020 11:53,Aberdeen,Stephen Sanchez,Large Chai latte - 2.60,2.60,CASH,
11/10/2020 11:54,Aberdeen,Kristine Olson," Flavoured iced latte - Vanilla - 2.75, Regular Filter coffee - 1.50",4.25,CARD,4568663713495
11/10/2020 11:54,Aberdeen,Kim Crudup," Smoothies - Carrot Kick - 2.00, Regular Espresso - 1.50, Large Flavoured latte - Vanilla - 2.85",6.35,CARD,4156961489323953
11/10/2020 11:55,Aberdeen,Travis Petersen,"Large Filter coffee - 1.80, Regular Flavoured hot chocolate - Caramel - 2.60,  Red Label tea - 1.20,  Iced americano - 2.15,  Smoothies - Berry Beautiful - 2.00",9.75,CARD,4248145461787
11/10/2020 11:56,Aberdeen,Marie Miller," Speciality Tea - Camomile - 1.30, Large Flavoured hot chocolate - Hazelnut - 2.90,  Flat white - 2.15",6.35,CARD,4697166897316468
11/10/2020 11:56,Aberdeen,Charles Copeland," Smoothies - Carrot Kick - 2.00,  Flat white - 2.15, Regular Latte - 2.15,  Frappes - Chocolate Cookie - 2.75",9.05,CARD,361878339978191
11/10/2020 11:57,Aberdeen,Ruth Woods," Smoothies - Glowing Greens - 2.00,  Flavoured iced latte - Caramel - 2.75,  Smoothies - Carrot Kick - 2.00, Regular Filter coffee - 1.50,  Frappes - Strawberries & Cream - 2.75",11.00,CARD,6011188638536372
11/10/2020 11:57,Aberdeen,Hector Callaway,"Large Flavoured latte - Caramel - 2.85, Large Filter coffee - 1.80,  Smoothies - Berry Beautiful - 2.00,  Speciality Tea - Peppermint - 1.30",7.95,CARD,6011648433928777
11/10/2020 11:58,Aberdeen,Kerri Silver," Hot Chocolate - 1.40,  Speciality Tea - Peppermint - 1.30,  Speciality Tea - Darjeeling - 1.30",4.00,CARD,4578136876575321
11/10/2020 11:58,Aberdeen,Matthew Ahrendt,"Large Flavoured latte - Gingerbread - 2.85,  Speciality Tea - Green - 1.30,  Speciality Tea - Green - 1.30",5.45,CARD,6011383572732117
11/10/2020 11:59,Aberdeen,Steven Molina," Glass of milk - 0.70, Large Latte - 2.45,  Red Label tea - 1.20",4.35,CASH,
11/10/2020 11:59,Aberdeen,Joseph Stanley," Smoothies - Carrot Kick - 2.00, Large Flavoured latte - Caramel - 2.85, Large Latte - 2.45,  Speciality Tea - Peppermint - 1.30",8.60,CARD,4374114398337
11/10/2020 12:00,Aberdeen,Kevin Vaughan," Babyccino - 0.00, Large Flavoured latte - Gingerbread - 2.85,  Speciality Tea - Green - 1.30",4.15,CARD,374455492882786
11/10/2020 12:03,Aberdeen,Rogelio Davis, Flavoured iced latte - Hazelnut - 2.75,2.75,CASH,
11/10/2020 12:06,Aberdeen,Christina Johnson," Flavoured iced latte - Caramel - 2.75,  Cortado - 2.05,  Glass of milk - 0.70,  Smoothies - Berry Beautiful - 2.00",7.50,CARD,5337137431369753
11/10/2020 12:09,Aberdeen,Bobbie Nelson," Speciality Tea - Peppermint - 1.30, Large Filter coffee - 1.80, Large Filter coffee - 1.80",4.90,CARD,4451244522453414
11/10/2020 12:12,Aberdeen,Frances Wilson," Speciality Tea - Earl Grey - 1.30,  Red Label tea - 1.20,  Speciality Tea - Camomile - 1.30",3.80,CARD,4771228554435749
11/10/2020 12:16,Aberdeen,Esperanza Anderson," Flavoured iced latte - Caramel - 2.75,  Frappes - Coffee - 2.75,  Speciality Tea - Green - 1.30, Large Flavoured hot chocolate - Caramel - 2.90",9.70,CASH,
11/10/2020 12:19,Aberdeen,Henry Kennedy," Hot Chocolate - 1.40,  Flavoured iced latte - Hazelnut - 2.75, Large Filter coffee - 1.80",5.95,CARD,4789551982949
11/10/2020 12:22,Aberdeen,Oliver Waterman," Hot Chocolate - 1.40,  Speciality Tea - Green - 1.30",2.70,CARD,352433378395211
11/10/2020 12:25,Aberdeen,Ethel Read," Mocha - 2.30, Large Flavoured latte - Hazelnut - 2.85",5.15,CASH,
11/10/2020 12:28,Aberdeen,Patricia Davis,"Large Latte - 2.45,  Speciality Tea - Fruit - 1.30, Large Espresso - 1.80,  Flavoured iced latte - Hazelnut - 2.75",8.30,CARD,4921875334639914
11/10/2020 12:31,Aberdeen,Onita Thomas,"Large Flavoured hot chocolate - Hazelnut - 2.90,  Flat white - 2.15",5.05,CASH,
11/10/2020 12:34,Aberdeen,Nathan Metzner," Mocha - 2.30, Large Latte - 2.45,  Speciality Tea - Camomile - 1.30,  Smoothies - Berry Beautiful - 2.00",8.05,CASH,
11/10/2020 12:38,Aberdeen,Theodore Kidd,"Large Flavoured latte - Gingerbread - 2.85,  Flavoured iced latte - Vanilla - 2.75,  Red Label tea - 1.20",6.80,CASH,
11/10/2020 12:41,Aberdeen,Kevin Flanagan," Hot Chocolate - 1.40, Large Cappuccino - 2.45, Large Flavoured hot chocolate - Hazelnut - 2.90,  Speciality Tea - English breakfast - 1.30",8.05,CARD,6011721597174544
11/10/2020 12:44,Aberdeen,Vicki Stimmel,Large Flavoured hot chocolate - Caramel - 2.90,2.90,CASH,
11/10/2020 12:47,Aberdeen,Reyna Smith," Glass of milk - 0.70, Regular Latte - 2.15",2.85,CARD,4743365952713
11/10/2020 12:50,Aberdeen,John Manning," Speciality Tea - Green - 1.30, Large Luxury hot chocolate - 2.70,  Flavoured iced latte - Vanilla - 2.75,  Speciality Tea - Darjeeling - 1.30, Regular Americano - 1.95",10.00,CASH,
11/10/2020 12:53,Aberdeen,Theodore Wheeler,"Large Chai latte - 2.60,  Smoothies - Glowing Greens - 2.00",4.60,CARD,4434852856125168
11/10/2020 12:56,Aberdeen,Heather Liberatore," Cortado - 2.05,  Flat white - 2.15, Large Espresso - 1.80,  Babyccino - 0.00",6.00,CARD,3486797322349610
11/10/2020 13:00,Aberdeen,Cynthia Mendez,"Regular Flavoured latte - Caramel - 2.55, Regular Cappuccino - 2.15, Large Flavoured hot chocolate - Vanilla - 2.90,  Speciality Tea - Peppermint - 1.30, Large Filter coffee - 1.80",10.70,CARD,6011815639632418
11/10/2020 13:01,Aberdeen,Paul Winn," Flavoured iced latte - Caramel - 2.75,  Speciality Tea - Earl Grey - 1.30, Large Flavoured latte - Vanilla - 2.85",6.90,CARD,4769616511723864
11/10/2020 13:02,Aberdeen,Nell Fagan,"Large Latte - 2.45,  Speciality Tea - English breakfast - 1.30, Regular Latte - 2.15",5.90,CASH,
11/10/2020 13:03,Aberdeen,Stephen Eddington," Frappes - Coffee - 2.75, Large Flavoured latte - Caramel - 2.85,  Frappes - Chocolate Cookie - 2.75",8.35,CARD,6011896927217625
11/10/2020 13:05,Aberdeen,Eric Taylor, Glass of milk - 0.70,0.70,CARD,4651296649342
11/10/2020 13:06,Aberdeen,Janice Horne, Smoothies - Glowing Greens - 2.00,2.00,CARD,364445275677182
11/10/2020 13:07,Aberdeen,Michael Morgan, Frappes - Strawberries & Cream - 2.75,2.75,CASH,
11/10/2020 13:08,Aberdeen,Jason Burks,"Large Cappuccino - 2.45,  Speciality Tea - Fruit - 1.30,  Iced latte - 2.35,  Glass of milk - 0.70,  Speciality Tea - Earl Grey - 1.30",8.10,CARD,6011445139622535
11/10/2020 13:10,Aberdeen,Ella Henry,"Regular Flavoured latte - Hazelnut - 2.55, Large Flavoured latte - Caramel - 2.85",5.40,CASH,
11/10/2020 13:11,Aberdeen,Virginia Moses," Flavoured iced latte - Vanilla - 2.75,  Smoothies - Glowing Greens - 2.00,  Speciality Tea - Camomile - 1.30",6.05,CASH,
11/10/2020 13:12,Aberdeen,Adam King,"Regular Flavoured hot chocolate - Vanilla - 2.60,  Mocha - 2.30,  Cortado - 2.05, Regular Americano - 1.95,  Speciality Tea - English breakfast - 1.30",10.20,CARD,344713161372589
11/10/2020 13:13,Aberdeen,Joanna Phillips," Iced latte - 2.35,  Iced americano - 2.15",4.50,CASH,
11/10/2020 13:15,Aberdeen,Clifton Henderson," Speciality Tea - Fruit - 1.30, Large Americano - 2.25,  Hot Chocolate - 1.40,  Mocha - 2.30",7.25,CASH,
11/10/2020 13:16,Aberdeen,Randy Kestler,"Regular Flavoured latte - Caramel - 2.55,  Speciality Tea - Fruit - 1.30",3.85,CARD,6011143682947157
11/10/2020 13:17,Aberdeen,Taylor Barker," Mocha - 2.30, Regular Chai latte - 2.30,  Mocha - 2.30",6.90,CASH,
11/10/2020 13:18,Aberdeen,Larry Foster,Large Latte - 2.45,2.45,CARD,4349661863627544
11/10/2020 13:20,Aberdeen,Daniel Dunn," Speciality Tea - Green - 1.30, Large Hot chocolate - 2.90",4.20,CARD,6011763184986377
11/10/2020 13:21,Aberdeen,Ann Allen," Iced latte - 2.35, Regular Cappuccino - 2.15",4.50,CARD,5457588281693995
11/10/2020 13:22,Aberdeen,Angela Proctor,"Regular Flavoured latte - Caramel - 2.55, Regular Hot chocolate - 2.20",4.75,CASH,
11/10/2020 13:23,Aberdeen,Joan Tosh," Smoothies - Carrot Kick - 2.00, Large Chai latte - 2.60",4.60,CARD,344981259113385
11/10/2020 13:25,Aberdeen,Andre Witter,"Large Hot chocolate - 2.90, Regular Flavoured latte - Hazelnut - 2.55, Large Flavoured latte - Vanilla - 2.85",8.30,CARD,5198751326186573
11/10/2020 13:26,Aberdeen,Sherry White,"Regular Chai latte - 2.30,  Speciality Tea - Earl Grey - 1.30",3.60,CARD,4434911823521659
11/10/2020 13:27,Aberdeen,Ricky Jackson," Speciality Tea - English breakfast - 1.30,  Speciality Tea - Earl Grey - 1.30",2.60,CARD,53146665573133910
11/10/2020 13:28,Aberdeen,Jonathan Watson," Speciality Tea - Fruit - 1.30,  Smoothies - Berry Beautiful - 2.00,  Speciality Tea - Green - 1.30",4.60,CARD,6011847384574438
11/10/2020 13:30,Aberdeen,Brandi Mcdonald," Speciality Tea - Camomile - 1.30, Large Americano - 2.25, Regular Cappuccino - 2.15, Large Chai latte - 2.60, Large Chai latte - 2.60",10.90,CARD,4298213857946232
11/10/2020 13:31,Aberdeen,Michael Haynes," Glass of milk - 0.70, Large Espresso - 1.80, Large Flavoured hot chocolate - Hazelnut - 2.90, Large Espresso - 1.80",7.20,CARD,4258725635126421
11/10/2020 13:32,Aberdeen,Douglas Dunne,"Large Flavoured latte - Gingerbread - 2.85,  Speciality Tea - Earl Grey - 1.30",4.15,CARD,6011422931752984
11/10/2020 13:33,Aberdeen,Leona Siddoway," Speciality Tea - Green - 1.30,  Speciality Tea - Peppermint - 1.30,  Smoothies - Berry Beautiful - 2.00, Large Chai latte - 2.60",7.20,CARD,345516145953393
11/10/2020 13:35,Aberdeen,Bridget Percell," Flat white - 2.15,  Smoothies - Berry Beautiful - 2.00",4.15,CASH,
11/10/2020 13:36,Aberdeen,Candance Kramer," Smoothies - Glowing Greens - 2.00,  Speciality Tea - Peppermint - 1.30,  Speciality Tea - Green - 1.30",4.60,CARD,55737424695885310
11/10/2020 13:37,Aberdeen,Chris Huggins,"Large Latte - 2.45, Regular Flavoured latte - Gingerbread - 2.55,  Iced latte - 2.35,  Speciality Tea - Camomile - 1.30",8.65,CARD,4456172741795
11/10/2020 13:38,Aberdeen,Dennis Lisowski,"Large Flavoured latte - Caramel - 2.85, Large Americano - 2.25,  Flavoured iced latte - Hazelnut - 2.75",7.85,CARD,6011435383289388
11/10/2020 13:40,Aberdeen,Edward Patterson," Speciality Tea - Earl Grey - 1.30, Large Hot chocolate - 2.90, Regular Flavoured latte - Caramel - 2.55, Large Chai latte - 2.60",9.35,CARD,4433863981656614
11/10/2020 13:41,Aberdeen,Stuart Svendsen," Smoothies - Carrot Kick - 2.00,  Smoothies - Berry Beautiful - 2.00,  Flavoured iced latte - Vanilla - 2.75, Large Filter coffee - 1.80,  Speciality Tea - Fruit - 1.30",9.85,CARD,5466611626114318
11/10/2020 13:42,Aberdeen,Monique Joyce," Babyccino - 0.00,  Flavoured iced latte - Vanilla - 2.75,  Flavoured iced latte - Caramel - 2.75, Large Latte - 2.45,  Speciality Tea - Earl Grey - 1.30",9.25,CARD,5216561449461243
11/10/2020 13:43,Aberdeen,Veronica Carpenter," Iced latte - 2.35,  Cortado - 2.05, Large Latte - 2.45,  Iced latte - 2.35",9.20,CASH,
11/10/2020 13:45,Aberdeen,Howard Albright,Large Americano - 2.25,2.25,CASH,
11/10/2020 13:46,Aberdeen,Diane Hudson," Red Label tea - 1.20,  Flavoured iced latte - Vanilla - 2.75,  Glass of milk - 0.70",4.65,CARD,4718751794365281
11/10/2020 13:47,Aberdeen,Zachary Malik, Speciality Tea - Earl Grey - 1.30,1.30,CARD,3734849678331910
11/10/2020 13:48,Aberdeen,Chris Millen,"Large Flavoured hot chocolate - Vanilla - 2.90, Large Flavoured latte - Gingerbread - 2.85, Large Americano - 2.25, Regular Luxury hot chocolate - 2.40, Large Flavoured latte - Caramel - 2.85",13.25,CARD,6011496929229981
11/10/2020 13:50,Aberdeen,Sharon Compton,Large Americano - 2.25,2.25,CARD,6011343727153213
11/10/2020 13:51,Aberdeen,Edith Marquez," Frappes - Coffee - 2.75,  Speciality Tea - Green - 1.30,  Red Label tea - 1.20,  Speciality Tea - Camomile - 1.30,  Speciality Tea - English breakfast - 1.30",7.85,CARD,6011592155173578
11/10/2020 13:52,Aberdeen,Joseph Roderick," Red Label tea - 1.20,  Hot Chocolate - 1.40,  Flavoured iced latte - Vanilla - 2.75",5.35,CASH,
11/10/2020 13:53,Aberdeen,Paul Agosto," Speciality Tea - Camomile - 1.30, Large Flavoured hot chocolate - Caramel - 2.90, Large Chai latte - 2.60,  Flavoured iced latte - Hazelnut - 2.75",9.55,CARD,4798356988341347
11/10/2020 13:55,Aberdeen,Orpha Ammon," Flavoured iced latte - Caramel - 2.75, Regular Cappuccino - 2.15,  Speciality Tea - Green - 1.30, Large Flavoured hot chocolate - Vanilla - 2.90, Large Flavoured hot chocolate - Hazelnut - 2.90",12.00,CARD,379419883362167
11/10/2020 13:56,Aberdeen,Micheal Marquis,"Large Latte - 2.45, Large Flavoured latte - Caramel - 2.85,  Flavoured iced latte - Hazelnut - 2.75",8.05,CASH,
11/10/2020 13:57,Aberdeen,Enid Babb," Frappes - Strawberries & Cream - 2.75,  Iced latte - 2.35,  Red Label tea - 1.20",6.30,CARD,5236342235953834
11/10/2020 13:58,Aberdeen,Donna Hale,"Large Latte - 2.45, Large Espresso - 1.80",4.25,CASH,
11/10/2020 14:00,Aberdeen,Margaret Courtney,"Large Chai latte - 2.60,  Babyccino - 0.00,  Speciality Tea - Earl Grey - 1.30",3.90,CARD,4221857785137686
11/10/2020 14:00,Aberdeen,Daniella Addison, Glass of milk - 0.70,0.70,CARD,5159283487791824
11/10/2020 14:01,Aberdeen,Yolanda Johnson, Speciality Tea - Darjeeling - 1.30,1.30,CARD,5281988295452192
11/10/2020 14:01,Aberdeen,Robert Gates,"Large Latte - 2.45,  Flavoured iced latte - Vanilla - 2.75,  Iced latte - 2.35, Large Hot chocolate - 2.90",10.45,CARD,372734428419554
11/10/2020 14:02,Aberdeen,Miriam Billie," Speciality Tea - Earl Grey - 1.30,  Hot Chocolate - 1.40,  Flavoured iced latte - Vanilla - 2.75,  Flavoured iced latte - Caramel - 2.75,  Mocha - 2.30",10.50,CARD,6011555793924678
11/10/2020 14:03,Aberdeen,Joe Oconor, Speciality Tea - Earl Grey - 1.30,1.30,CASH,
11/10/2020 14:03,Aberdeen,Brenda Bailey," Speciality Tea - Green - 1.30, Regular Flavoured hot chocolate - Vanilla - 2.60,  Speciality Tea - Green - 1.30,  Smoothies - Glowing Greens - 2.00, Large Flavoured latte - Gingerbread - 2.85",10.05,CARD,4288372231271
11/10/2020 14:04,Aberdeen,Robert Carpenter," Speciality Tea - Peppermint - 1.30, Regular Flavoured hot chocolate - Hazelnut - 2.60,  Hot Chocolate - 1.40,  Flavoured iced latte - Vanilla - 2.75,  Hot Chocolate - 1.40",9.45,CARD,369665969999551
11/10/2020 14:05,Aberdeen,Christopher Cochran,"Regular Flavoured latte - Vanilla - 2.55,  Flavoured iced latte - Vanilla - 2.75",5.30,CARD,4345685581242991
11/10/2020 14:05,Aberdeen,Randal Bustos," Flavoured iced latte - Hazelnut - 2.75, Large Espresso - 1.80, Large Latte - 2.45",7.00,CARD,6011337589136746
11/10/2020 14:06,Aberdeen,Alex Posner," Speciality Tea - Camomile - 1.30,  Speciality Tea - Green - 1.30",2.60,CARD,367812167414148
11/10/2020 14:06,Aberdeen,John Wang," Speciality Tea - Peppermint - 1.30,  Glass of milk - 0.70,  Flat white - 2.15, Large Luxury hot chocolate - 2.70, Large Flavoured latte - Caramel - 2.85",9.70,CASH,
11/10/2020 14:07,Aberdeen,Angela Betts, Speciality Tea - Green - 1.30,1.30,CARD,5437261272979931
11/10/2020 14:08,Aberdeen,Lawrence Wagner,Large Espresso - 1.80,1.80,CASH,
11/10/2020 14:08,Aberdeen,Edith Wynne," Speciality Tea - Fruit - 1.30,  Flavoured iced latte - Caramel - 2.75",4.05,CASH,
11/10/2020 14:09,Aberdeen,Delois Mackey,"Large Flavoured latte - Caramel - 2.85, Regular Filter coffee - 1.50,  Red Label tea - 1.20",5.55,CASH,
11/10/2020 14:09,Aberdeen,Jennifer Sample," Speciality Tea - Fruit - 1.30, Regular Flavoured hot chocolate - Caramel - 2.60",3.90,CARD,5554821495991299
11/10/2020 14:10,Aberdeen,Shirley Jackson,"Large Flavoured hot chocolate - Hazelnut - 2.90,  Speciality Tea - Peppermint - 1.30",4.20,CARD,5454939232967439
11/10/2020 14:11,Aberdeen,Roland Ruse," Flavoured iced latte - Hazelnut - 2.75, Large Hot chocolate - 2.90",5.65,CASH,
11/10/2020 14:11,Aberdeen,Linda Pein,"Large Flavoured latte - Gingerbread - 2.85, Large Hot chocolate - 2.90,  Mocha - 2.30,  Smoothies - Berry Beautiful - 2.00,  Mocha - 2.30",12.35,CASH,
11/10/2020 14:12,Aberdeen,Gregory Crisson," Frappes - Chocolate Cookie - 2.75, Large Hot chocolate - 2.90",5.65,CASH,
11/10/2020 14:13,Aberdeen,Jesse Lira,"Large Luxury hot chocolate - 2.70, Large Espresso - 1.80,  Speciality Tea - English breakfast - 1.30, Large Flavoured latte - Vanilla - 2.85,  Cortado - 2.05",10.70,CARD,4188333728161689
11/10/2020 14:13,Aberdeen,Mark Wassinger,"Large Hot chocolate - 2.90,  Speciality Tea - Earl Grey - 1.30,  Flat white - 2.15,  Speciality Tea - English breakfast - 1.30",7.65,CARD,377361769265977
11/10/2020 14:14,Aberdeen,John Ambrose,Large Espresso - 1.80,1.80,CASH,
11/10/2020 14:14,Aberdeen,Helen White," Frappes - Coffee - 2.75,  Frappes - Coffee - 2.75",5.50,CASH,
11/10/2020 14:15,Aberdeen,Billie Hart," Hot Chocolate - 1.40,  Frappes - Strawberries & Cream - 2.75, Regular Flavoured hot chocolate - Caramel - 2.60,  Glass of milk - 0.70",7.45,CASH,
11/10/2020 14:16,Aberdeen,Ethel Myers,Large Espresso - 1.80,1.80,CASH,
11/10/2020 14:16,Aberdeen,Yvonne Scharmer," Babyccino - 0.00, Regular Flavoured latte - Caramel - 2.55, Large Flavoured hot chocolate - Caramel - 2.90, Regular Flavoured hot chocolate - Caramel - 2.60,  Speciality Tea - Fruit - 1.30",9.35,CARD,6011647549933754
11/10/2020 14:17,Aberdeen,Patrice Knell,Large Cappuccino - 2.45,2.45,CARD,4617257956679578
11/10/2020 14:18,Aberdeen,Loyd Hartshorn,"Large Espresso - 1.80,  Smoothies - Carrot Kick - 2.00,  Hot Chocolate - 1.40",5.20,CARD,4476755394175497
11/10/2020 14:18,Aberdeen,Jeannette Wing," Iced latte - 2.35, Large Filter coffee - 1.80, Large Flavoured hot chocolate - Caramel - 2.90",7.05,CASH,
11/10/2020 14:19,Aberdeen,Joshua Rehrig,"Large Latte - 2.45, Regular Flavoured latte - Hazelnut - 2.55",5.00,CASH,
11/10/2020 14:19,Aberdeen,Rosemary Coffey," Speciality Tea - Green - 1.30,  Mocha - 2.30, Large Cappuccino - 2.45, Large Hot chocolate - 2.90, Large Flavoured latte - Caramel - 2.85",11.80,CARD,6011643428278973
11/10/2020 14:20,Aberdeen,Sandra Mayville,"Large Filter coffee - 1.80,  Smoothies - Glowing Greens - 2.00,  Speciality Tea - English breakfast - 1.30,  Speciality Tea - Fruit - 1.30",6.40,CASH,
11/10/2020 14:21,Aberdeen,Monica Towne," Smoothies - Glowing Greens - 2.00, Large Hot chocolate - 2.90,  Speciality Tea - Earl Grey - 1.30, Large Latte - 2.45, Large Cappuccino - 2.45",11.10,CARD,4531373629149197
11/10/2020 14:21,Aberdeen,Margarita Tobe,"Large Flavoured hot chocolate - Hazelnut - 2.90, Large Chai latte - 2.60, Large Flavoured hot chocolate - Hazelnut - 2.90,  Speciality Tea - Green - 1.30",9.70,CARD,4597681944956
11/10/2020 14:22,Aberdeen,William Coleman,"Regular Latte - 2.15, Large Flavoured latte - Caramel - 2.85",5.00,CARD,5463634311762418
11/10/2020 14:22,Aberdeen,Michael Butts,"Regular Latte - 2.15,  Flat white - 2.15",4.30,CARD,5111658113742647
11/10/2020 14:23,Aberdeen,Kenneth Whittington,"Large Flavoured hot chocolate - Hazelnut - 2.90, Regular Flavoured hot chocolate - Hazelnut - 2.60",5.50,CASH,
11/10/2020 14:24,Aberdeen,Ismael Humes," Frappes - Chocolate Cookie - 2.75,  Speciality Tea - Peppermint - 1.30, Large Flavoured hot chocolate - Hazelnut - 2.90, Regular Americano - 1.95",8.90,CASH,
11/10/2020 14:24,Aberdeen,Bobby Wise,"Large Luxury hot chocolate - 2.70, Large Flavoured latte - Gingerbread - 2.85,  Frappes - Strawberries & Cream - 2.75,  Speciality Tea - Green - 1.30",9.60,CASH,
11/10/2020 14:25,Aberdeen,Earnest Burnstein," Glass of milk - 0.70,  Speciality Tea - Green - 1.30",2.00,CARD,3771719918387510
11/10/2020 14:26,Aberdeen,John Farner," Speciality Tea - Camomile - 1.30,  Flavoured iced latte - Hazelnut - 2.75,  Glass of milk - 0.70,  Speciality Tea - Earl Grey - 1.30, Large Flavoured hot chocolate - Hazelnut - 2.90",8.95,CARD,6011159176314431
11/10/2020 14:26,Aberdeen,Ricardo Cantrell,"Large Latte - 2.45,  Speciality Tea - Green - 1.30,  Smoothies - Glowing Greens - 2.00,  Speciality Tea - English breakfast - 1.30,  Smoothies - Glowing Greens - 2.00",9.05,CARD,379151953584467
11/10/2020 14:27,Aberdeen,Daniel Quintero, Speciality Tea - English breakfast - 1.30,1.30,CASH,
11/10/2020 14:27,Aberdeen,Wilbur Sacks,"Large Americano - 2.25, Large Hot chocolate - 2.90,  Speciality Tea - Green - 1.30,  Speciality Tea - Fruit - 1.30,  Glass of milk - 0.70",8.45,CARD,4797943838182
11/10/2020 14:28,Aberdeen,Eric Freeman,"Regular Espresso - 1.50,  Frappes - Coffee - 2.75",4.25,CARD,351374557378621
11/10/2020 14:29,Aberdeen,John Streiff,"Large Americano - 2.25,  Iced americano - 2.15",4.40,CARD,5511811493251947
11/10/2020 14:29,Aberdeen,Elizabeth Childress," Frappes - Chocolate Cookie - 2.75,  Speciality Tea - Green - 1.30, Large Latte - 2.45",6.50,CARD,6011635219234421
11/10/2020 14:30,Aberdeen,Michael Phipps," Glass of milk - 0.70, Large Flavoured hot chocolate - Caramel - 2.90, Large Americano - 2.25",5.85,CASH,
11/10/2020 14:30,Aberdeen,Mariah Barclay," Speciality Tea - Fruit - 1.30,  Speciality Tea - Darjeeling - 1.30,  Frappes - Chocolate Cookie - 2.75,  Frappes - Chocolate Cookie - 2.75",8.10,CARD,4448624583354823
11/10/2020 14:31,Aberdeen,Ricky Tunstall," Flavoured iced latte - Vanilla - 2.75, Regular Latte - 2.15,  Speciality Tea - Earl Grey - 1.30,  Speciality Tea - Green - 1.30, Large Flavoured latte - Caramel - 2.85",10.35,CASH,
11/10/2020 14:32,Aberdeen,Jeremy Johnson,Large Americano - 2.25,2.25,CARD,3512125769615410
11/10/2020 14:32,Aberdeen,George Brown," Iced americano - 2.15,  Flavoured iced latte - Caramel - 2.75",4.90,CARD,344116944295574
11/10/2020 14:33,Aberdeen,Bill Freeman,"Regular Americano - 1.95,  Frappes - Chocolate Cookie - 2.75,  Red Label tea - 1.20, Large Flavoured hot chocolate - Vanilla - 2.90",8.80,CASH,
11/10/2020 14:34,Aberdeen,Victor Martinie,"Large Flavoured hot chocolate - Caramel - 2.90,  Speciality Tea - Green - 1.30, Large Filter coffee - 1.80,  Smoothies - Berry Beautiful - 2.00",8.00,CASH,
11/10/2020 14:34,Aberdeen,Felix Williams," Speciality Tea - Green - 1.30,  Speciality Tea - Darjeeling - 1.30,  Hot Chocolate - 1.40,  Smoothies - Carrot Kick - 2.00,  Smoothies - Glowing Greens - 2.00",8.00,CARD,4355456654114
11/10/2020 14:35,Aberdeen,Joseph Sanabria,Large Luxury hot chocolate - 2.70,2.70,CASH,
11/10/2020 14:35,Aberdeen,Bertha Hanna," Flavoured iced latte - Caramel - 2.75, Large Hot chocolate - 2.90,  Iced americano - 2.15,  Speciality Tea - Peppermint - 1.30, Regular Cappuccino - 2.15",11.25,CARD,42185974956346810
11/10/2020 14:36,Aberdeen,Lillia Taylor," Speciality Tea - Green - 1.30, Large Filter coffee - 1.80",3.10,CARD,6011583881173636
11/10/2020 14:37,Aberdeen,Patrick Leasure," Hot Chocolate - 1.40, Large Americano - 2.25,  Flavoured iced latte - Hazelnut - 2.75, Regular Latte - 2.15, Large Espresso - 1.80",10.35,CARD,4989159349413113
11/10/2020 14:37,Aberdeen,Josephine Drake," Babyccino - 0.00,  Frappes - Coffee - 2.75, Large Hot chocolate - 2.90, Large Latte - 2.45, Regular Latte - 2.15",10.25,CARD,348346679344992
11/10/2020 14:38,Aberdeen,Marjorie Crook," Flavoured iced latte - Hazelnut - 2.75,  Smoothies - Glowing Greens - 2.00,  Speciality Tea - Fruit - 1.30",6.05,CARD,46131474938625110
11/10/2020 14:38,Aberdeen,Samantha Uppencamp,Large Latte - 2.45,2.45,CASH,
11/10/2020 14:39,Aberdeen,Norris Kircher," Red Label tea - 1.20, Regular Flavoured hot chocolate - Caramel - 2.60, Large Cappuccino - 2.45",6.25,CARD,341164199811789
11/10/2020 14:40,Aberdeen,David Frank,"Large Flavoured latte - Caramel - 2.85,  Speciality Tea - Peppermint - 1.30,  Mocha - 2.30,  Smoothies - Carrot Kick - 2.00,  Speciality Tea - Green - 1.30",9.75,CARD,4887184641719648
11/10/2020 14:40,Aberdeen,Debra Paulseth," Cortado - 2.05,  Flavoured iced latte - Hazelnut - 2.75,  Frappes - Coffee - 2.75, Regular Cappuccino - 2.15, Regular Espresso - 1.50",11.20,CARD,6011458562681472
11/10/2020 14:41,Aberdeen,David Betterman," Smoothies - Glowing Greens - 2.00,  Speciality Tea - Fruit - 1.30,  Frappes - Chocolate Cookie - 2.75, Regular Cappuccino - 2.15",8.20,CARD,6011496317965832
11/10/2020 14:42,Aberdeen,Jimmy Brantley,Regular Hot chocolate - 2.20,2.20,CARD,4446788157984885
11/10/2020 14:42,Aberdeen,Allen Laban,"Large Luxury hot chocolate - 2.70,  Flat white - 2.15,  Speciality Tea - Fruit - 1.30",6.15,CASH,
11/10/2020 14:43,Aberdeen,Tina Pham, Cortado - 2.05,2.05,CARD,377538869856934
11/10/2020 14:43,Aberdeen,Steven Pfeiff,Large Cappuccino - 2.45,2.45,CARD,44961553669151510
11/10/2020 14:44,Aberdeen,Lyle Sylla,"Large Chai latte - 2.60, Large Chai latte - 2.60, Regular Flavoured hot chocolate - Hazelnut - 2.60",7.80,CARD,4544757229862
11/10/2020 14:45,Aberdeen,Ruth Bailey," Speciality Tea - Green - 1.30, Regular Flavoured latte - Caramel - 2.55",3.85,CARD,5459666738476491
11/10/2020 14:45,Aberdeen,Dustin Farr, Smoothies - Berry Beautiful - 2.00,2.00,CARD,4178928412936957
11/10/2020 14:46,Aberdeen,Gertrude Lockhart," Frappes - Coffee - 2.75, Large Filter coffee - 1.80, Large Hot chocolate - 2.90,  Speciality Tea - Fruit - 1.30, Large Flavoured hot chocolate - Vanilla - 2.90",11.65,CARD,5465171287315267
11/10/2020 14:46,Aberdeen,Dean Tapia," Speciality Tea - Camomile - 1.30,  Iced americano - 2.15",3.45,CARD,6011982213634382
11/10/2020 14:47,Aberdeen,Chad Burton,"Large Latte - 2.45, Large Flavoured latte - Gingerbread - 2.85",5.30,CASH,
11/10/2020 14:48,Aberdeen,Karen Mullins,Large Flavoured hot chocolate - Hazelnut - 2.90,2.90,CARD,346221581967986
11/10/2020 14:48,Aberdeen,Donna Griffin," Frappes - Chocolate Cookie - 2.75,  Speciality Tea - Camomile - 1.30,  Glass of milk - 0.70, Large Flavoured hot chocolate - Caramel - 2.90, Large Filter coffee - 1.80",9.45,CARD,47194733965294910
11/10/2020 14:49,Aberdeen,Charles Duong," Flavoured iced latte - Hazelnut - 2.75,  Speciality Tea - Darjeeling - 1.30, Large Chai latte - 2.60,  Speciality Tea - Darjeeling - 1.30",7.95,CARD,5333356877418213
11/10/2020 14:50,Aberdeen,Curtis Baker," Flat white - 2.15, Regular Flavoured latte - Hazelnut - 2.55,  Iced americano - 2.15",6.85,CARD,5423562614239843
11/10/2020 14:50,Aberdeen,Rhonda Alvarado," Smoothies - Berry Beautiful - 2.00,  Cortado - 2.05",4.05,CARD,363779364752675
11/10/2020 14:51,Aberdeen,Issac Parker,Large Latte - 2.45,2.45,CASH,
11/10/2020 14:51,Aberdeen,Rebecca Birmingham,"Large Flavoured latte - Hazelnut - 2.85, Large Luxury hot chocolate - 2.70,  Flat white - 2.15",7.70,CARD,4693823188452329
11/10/2020 14:52,Aberdeen,John Beaver," Flavoured iced latte - Vanilla - 2.75,  Speciality Tea - Darjeeling - 1.30",4.05,CARD,4214711819531449
11/10/2020 14:53,Aberdeen,Marion Grams," Iced latte - 2.35, Large Flavoured latte - Vanilla - 2.85, Large Flavoured latte - Caramel - 2.85, Regular Chai latte - 2.30, Large Espresso - 1.80",12.15,CARD,4596173645936573
11/10/2020 14:53,Aberdeen,Angela Lister, Mocha - 2.30,2.30,CARD,4389592236437
11/10/2020 14:54,Aberdeen,Cory Grimes,"Large Flavoured latte - Caramel - 2.85,  Speciality Tea - English breakfast - 1.30",4.15,CARD,366687182174617
11/10/2020 14:55,Aberdeen,Rebecca Bentley," Flavoured iced latte - Hazelnut - 2.75, Large Luxury hot chocolate - 2.70,  Frappes - Strawberries & Cream - 2.75,  Flavoured iced latte - Vanilla - 2.75",10.95,CARD,4935636221163
11/10/2020 14:55,Aberdeen,Frances Diaz,"Regular Luxury hot chocolate - 2.40, Regular Flavoured latte - Vanilla - 2.55, Large Latte - 2.45,  Smoothies - Carrot Kick - 2.00,  Smoothies - Carrot Kick - 2.00",11.40,CARD,4355658722313
11/10/2020 14:56,Aberdeen,Bart Jordan," Frappes - Strawberries & Cream - 2.75,  Speciality Tea - Fruit - 1.30,  Iced americano - 2.15,  Flat white - 2.15",8.35,CARD,4964937279753
11/10/2020 14:56,Aberdeen,David Noh,"Large Americano - 2.25,  Speciality Tea - Green - 1.30,  Mocha - 2.30",5.85,CARD,4871468494759241
11/10/2020 14:57,Aberdeen,Bridget Cunningham," Speciality Tea - English breakfast - 1.30,  Flavoured iced latte - Vanilla - 2.75,  Red Label tea - 1.20,  Flat white - 2.15",7.40,CARD,4483156153867526
11/10/2020 14:58,Aberdeen,Cody Correa," Speciality Tea - Green - 1.30,  Speciality Tea - Peppermint - 1.30, Large Luxury hot chocolate - 2.70",5.30,CASH,
11/10/2020 14:58,Aberdeen,Helen Sims," Speciality Tea - English breakfast - 1.30,  Speciality Tea - Camomile - 1.30,  Smoothies - Carrot Kick - 2.00",4.60,CARD,4169341911872
11/10/2020 14:59,Aberdeen,Jane Cobbins," Hot Chocolate - 1.40,  Speciality Tea - Green - 1.30,  Smoothies - Carrot Kick - 2.00",4.70,CASH,
11/10/2020 14:59,Aberdeen,Danielle Long,"Large Flavoured latte - Vanilla - 2.85, Large Flavoured hot chocolate - Hazelnut - 2.90,  Flavoured iced latte - Hazelnut - 2.75,  Mocha - 2.30",10.80,CARD,54746615283258510
11/10/2020 15:00,Aberdeen,Lea Zavala,"Large Flavoured latte - Vanilla - 2.85, Large Chai latte - 2.60, Regular Cappuccino - 2.15",7.60,CARD,349266598424239
11/10/2020 15:01,Aberdeen,Bradley Cruz," Speciality Tea - Darjeeling - 1.30, Regular Latte - 2.15",3.45,CASH,
11/10/2020 15:01,Aberdeen,Marion Balado,"Regular Luxury hot chocolate - 2.40,  Cortado - 2.05, Large Flavoured latte - Vanilla - 2.85,  Frappes - Strawberries & Cream - 2.75",10.05,CASH,
11/10/2020 15:02,Aberdeen,Marianne Eichenlaub, Mocha - 2.30,2.30,CARD,5524743397911992
11/10/2020 15:03,Aberdeen,Jean Pettway," Iced americano - 2.15, Large Latte - 2.45",4.60,CASH,
11/10/2020 15:03,Aberdeen,Wilma Dunn,"Large Flavoured latte - Hazelnut - 2.85,  Flat white - 2.15, Large Luxury hot chocolate - 2.70, Regular Luxury hot chocolate - 2.40",10.10,CARD,365868259315249
11/10/2020 15:04,Aberdeen,Jesse Jones," Red Label tea - 1.20, Regular Espresso - 1.50,  Cortado - 2.05",4.75,CARD,5537891599624379
11/10/2020 15:04,Aberdeen,Joey Martin, Frappes - Strawberries & Cream - 2.75,2.75,CASH,
11/10/2020 15:05,Aberdeen,Tanya Burdette,"Large Flavoured hot chocolate - Hazelnut - 2.90, Regular Latte - 2.15",5.05,CARD,5156538736688615
11/10/2020 15:06,Aberdeen,Bill Roberts," Speciality Tea - Green - 1.30,  Cortado - 2.05,  Speciality Tea - Peppermint - 1.30,  Flavoured iced latte - Vanilla - 2.75",7.40,CARD,6011153677692742
11/10/2020 15:06,Aberdeen,Shirley Daniels,"Large Espresso - 1.80, Regular Latte - 2.15, Large Flavoured latte - Hazelnut - 2.85,  Speciality Tea - Green - 1.30,  Iced latte - 2.35",10.45,CARD,4899139915822
11/10/2020 15:07,Aberdeen,Gladys Lamarche," Flavoured iced latte - Hazelnut - 2.75,  Flavoured iced latte - Vanilla - 2.75,  Smoothies - Glowing Greens - 2.00,  Speciality Tea - Darjeeling - 1.30",8.80,CARD,5588381314846646
11/10/2020 15:08,Aberdeen,Patricia Carlock,"Large Americano - 2.25,  Hot Chocolate - 1.40",3.65,CASH,
11/10/2020 15:08,Aberdeen,Melissa Daniels," Flavoured iced latte - Hazelnut - 2.75, Large Flavoured hot chocolate - Hazelnut - 2.90,  Smoothies - Glowing Greens - 2.00,  Speciality Tea - Darjeeling - 1.30",8.95,CASH,
11/10/2020 15:09,Aberdeen,Brian Carmichael," Speciality Tea - English breakfast - 1.30,  Flat white - 2.15, Regular Hot chocolate - 2.20,  Smoothies - Glowing Greens - 2.00",7.65,CARD,3683315981518310
11/10/2020 15:10,Aberdeen,Virginia Holloway,"Large Latte - 2.45,  Glass of milk - 0.70,  Iced americano - 2.15",5.30,CASH,
11/10/2020 15:10,Aberdeen,Alfredo Handy,"Regular Flavoured hot chocolate - Hazelnut - 2.60,  Smoothies - Berry Beautiful - 2.00",4.60,CARD,378733396832966
11/10/2020 15:11,Aberdeen,Joel Mclaughlin," Flavoured iced latte - Caramel - 2.75, Large Cappuccino - 2.45, Large Chai latte - 2.60",7.80,CARD,6011888651384135
11/10/2020 15:11,Aberdeen,Annette Hatcher," Flat white - 2.15,  Speciality Tea - Darjeeling - 1.30,  Speciality Tea - Earl Grey - 1.30,  Flavoured iced latte - Vanilla - 2.75",7.50,CARD,5455552559894166
11/10/2020 15:12,Aberdeen,Audrey Williams,Large Flavoured latte - Gingerbread - 2.85,2.85,CASH,
11/10/2020 15:13,Aberdeen,Dorothy Neal," Speciality Tea - Green - 1.30, Large Flavoured hot chocolate - Caramel - 2.90",4.20,CASH,
11/10/2020 15:13,Aberdeen,Mack Craig, Frappes - Coffee - 2.75,2.75,CASH,
11/10/2020 15:14,Aberdeen,Margaret Robles,"Large Flavoured latte - Caramel - 2.85,  Frappes - Strawberries & Cream - 2.75,  Smoothies - Berry Beautiful - 2.00,  Smoothies - Glowing Greens - 2.00, Large Flavoured latte - Hazelnut - 2.85",12.45,CARD,5442654246944481
11/10/2020 15:15,Aberdeen,Matthew Smith," Smoothies - Berry Beautiful - 2.00, Regular Flavoured hot chocolate - Caramel - 2.60",4.60,CASH,
11/10/2020 15:15,Aberdeen,Charles Price,Large Americano - 2.25,2.25,CARD,5355976819533945
11/10/2020 15:16,Aberdeen,Rachel Mcnamee," Red Label tea - 1.20,  Frappes - Coffee - 2.75",3.95,CARD,4157773445139
11/10/2020 15:17,Aberdeen,Corinna Tappan,"Large Flavoured hot chocolate - Caramel - 2.90, Large Flavoured latte - Gingerbread - 2.85",5.75,CARD,4421647586877129
11/10/2020 15:17,Aberdeen,Jacqueline Brown,"Large Flavoured latte - Vanilla - 2.85, Large Chai latte - 2.60",5.45,CARD,5141618569762618
11/10/2020 15:18,Aberdeen,William Jimenez,"Regular Flavoured hot chocolate - Hazelnut - 2.60,  Speciality Tea - Camomile - 1.30,  Iced latte - 2.35",6.25,CARD,379516193669114
11/10/2020 15:18,Aberdeen,Hazel Mills,"Large Flavoured latte - Gingerbread - 2.85, Regular Filter coffee - 1.50",4.35,CARD,4357662844362374
11/10/2020 15:19,Aberdeen,Elizabeth Dighton, Speciality Tea - Earl Grey - 1.30,1.30,CARD,4812811488653
11/10/2020 15:20,Aberdeen,Sang Fletcher," Hot Chocolate - 1.40,  Speciality Tea - Fruit - 1.30, Large Flavoured hot chocolate - Hazelnut - 2.90,  Glass of milk - 0.70",6.30,CARD,5321641595332646
11/10/2020 15:20,Aberdeen,Floyd Townsend," Speciality Tea - Camomile - 1.30,  Babyccino - 0.00, Large Flavoured latte - Vanilla - 2.85,  Glass of milk - 0.70, Large Cappuccino - 2.45",7.30,CASH,
11/10/2020 15:21,Aberdeen,Logan Graham,"Large Flavoured latte - Hazelnut - 2.85,  Red Label tea - 1.20,  Frappes - Strawberries & Cream - 2.75, Regular Espresso - 1.50",8.30,CARD,5267697676555154
11/10/2020 15:22,Aberdeen,Agustin Duff,"Regular Americano - 1.95,  Iced americano - 2.15,  Cortado - 2.05, Large Flavoured latte - Caramel - 2.85",9.00,CARD,348569511234952
11/10/2020 15:22,Aberdeen,Henry Metz," Flavoured iced latte - Vanilla - 2.75,  Hot Chocolate - 1.40,  Speciality Tea - Earl Grey - 1.30, Large Hot chocolate - 2.90",8.35,CARD,4445994168547866
11/10/2020 15:23,Aberdeen,Keenan Barnett," Hot Chocolate - 1.40,  Smoothies - Glowing Greens - 2.00,  Smoothies - Glowing Greens - 2.00",5.40,CARD,4814325876437152
11/10/2020 15:23,Aberdeen,Ronald Hoemann," Speciality Tea - Darjeeling - 1.30,  Speciality Tea - English breakfast - 1.30,  Smoothies - Berry Beautiful - 2.00",4.60,CASH,
11/10/2020 15:24,Aberdeen,Anita Blank," Speciality Tea - Darjeeling - 1.30, Large Flavoured hot chocolate - Hazelnut - 2.90, Large Espresso - 1.80,  Speciality Tea - Green - 1.30",7.30,CASH,
11/10/2020 15:25,Aberdeen,Henry Wiggins,"Regular Flavoured latte - Vanilla - 2.55, Regular Flavoured hot chocolate - Caramel - 2.60",5.15,CARD,52971492327737510
11/10/2020 15:25,Aberdeen,Patricia Miller,Large Flavoured latte - Caramel - 2.85,2.85,CARD,6011411758324175
11/10/2020 15:26,Aberdeen,Curtis Ball, Frappes - Coffee - 2.75,2.75,CARD,4581713444359
11/10/2020 15:27,Aberdeen,Johnnie Hendrix,"Large Flavoured latte - Gingerbread - 2.85,  Cortado - 2.05, Regular Latte - 2.15",7.05,CARD,349934457134211
11/10/2020 15:27,Aberdeen,James Friesner,Large Filter coffee - 1.80,1.80,CASH,
11/10/2020 15:28,Aberdeen,Barbara Dortch," Speciality Tea - Green - 1.30,  Frappes - Chocolate Cookie - 2.75, Large Espresso - 1.80",5.85,CARD,4572484876337334
11/10/2020 15:29,Aberdeen,Gloria Nadeau,"Large Latte - 2.45,  Mocha - 2.30,  Frappes - Strawberries & Cream - 2.75, Large Hot chocolate - 2.90,  Frappes - Chocolate Cookie - 2.75",13.15,CASH,
11/10/2020 15:29,Aberdeen,Linda Collins," Red Label tea - 1.20,  Speciality Tea - Fruit - 1.30, Large Flavoured latte - Caramel - 2.85,  Speciality Tea - Green - 1.30",6.65,CASH,
11/10/2020 15:30,Aberdeen,John Gomes," Mocha - 2.30,  Speciality Tea - Darjeeling - 1.30",3.60,CARD,4634598462143
11/10/2020 15:30,Aberdeen,Shin Booker,Regular Flavoured latte - Vanilla - 2.55,2.55,CARD,365111699166785
11/10/2020 15:31,Aberdeen,Jeffrey Wilhite," Hot Chocolate - 1.40, Regular Cappuccino - 2.15,  Flat white - 2.15,  Mocha - 2.30, Large Flavoured hot chocolate - Vanilla - 2.90",10.90,CASH,
11/10/2020 15:32,Aberdeen,Jacqueline Dobek," Frappes - Chocolate Cookie - 2.75,  Speciality Tea - Green - 1.30, Large Filter coffee - 1.80,  Iced americano - 2.15",8.00,CARD,5432719199372725
11/10/2020 15:32,Aberdeen,Edward Holme," Flavoured iced latte - Vanilla - 2.75,  Flavoured iced latte - Hazelnut - 2.75",5.50,CASH,
11/10/2020 15:33,Aberdeen,Taylor Gertelman," Smoothies - Glowing Greens - 2.00,  Speciality Tea - Camomile - 1.30,  Frappes - Coffee - 2.75,  Flavoured iced latte - Hazelnut - 2.75",8.80,CARD,4781732831442
11/10/2020 15:34,Aberdeen,Steven Childress," Frappes - Chocolate Cookie - 2.75,  Speciality Tea - English breakfast - 1.30,  Hot Chocolate - 1.40,  Iced americano - 2.15, Regular Chai latte - 2.30",9.90,CASH,
11/10/2020 15:34,Aberdeen,Bryce Street, Speciality Tea - Green - 1.30,1.30,CARD,5445838966698651
11/10/2020 15:35,Aberdeen,Michael Stallings," Flavoured iced latte - Hazelnut - 2.75,  Frappes - Chocolate Cookie - 2.75,  Speciality Tea - Camomile - 1.30, Large Luxury hot chocolate - 2.70",9.50,CARD,5474969459455475
11/10/2020 15:36,Aberdeen,Jackie Phillips," Smoothies - Berry Beautiful - 2.00,  Smoothies - Carrot Kick - 2.00,  Iced americano - 2.15",6.15,CARD,373851522556989
11/10/2020 15:36,Aberdeen,Paul Dunlap, Speciality Tea - Darjeeling - 1.30,1.30,CARD,4387228523129
11/10/2020 15:37,Aberdeen,Vanessa Dixon," Flavoured iced latte - Vanilla - 2.75, Large Flavoured hot chocolate - Vanilla - 2.90, Large Latte - 2.45,  Frappes - Chocolate Cookie - 2.75,  Smoothies - Berry Beautiful - 2.00",12.85,CASH,
11/10/2020 15:37,Aberdeen,Wanda Pohl," Speciality Tea - Earl Grey - 1.30, Regular Espresso - 1.50,  Flat white - 2.15,  Flavoured iced latte - Vanilla - 2.75, Regular Latte - 2.15",9.85,CASH,
11/10/2020 15:38,Aberdeen,Dorothy Smith," Smoothies - Glowing Greens - 2.00,  Speciality Tea - Camomile - 1.30,  Flat white - 2.15, Regular Luxury hot chocolate - 2.40, Regular Luxury hot chocolate - 2.40",10.25,CARD,4765893728562732
11/10/2020 15:39,Aberdeen,Daniel Gibson,"Large Chai latte - 2.60,  Flavoured iced latte - Hazelnut - 2.75, Large Luxury hot chocolate - 2.70,  Mocha - 2.30, Large Latte - 2.45",12.80,CASH,
11/10/2020 15:39,Aberdeen,Karen Calvillo,"Large Flavoured hot chocolate - Hazelnut - 2.90,  Red Label tea - 1.20,  Iced latte - 2.35,  Speciality Tea - Peppermint - 1.30,  Hot Chocolate - 1.40",9.15,CASH,
11/10/2020 15:40,Aberdeen,Rebecca Tijerina," Babyccino - 0.00, Regular Flavoured hot chocolate - Caramel - 2.60, Large Latte - 2.45,  Speciality Tea - Camomile - 1.30",6.35,CASH,
11/10/2020 15:41,Aberdeen,Brandon Gritton," Red Label tea - 1.20,  Red Label tea - 1.20,  Speciality Tea - Darjeeling - 1.30",3.70,CARD,51746233147851210
11/10/2020 15:41,Aberdeen,Dorothy Sanchez," Smoothies - Glowing Greens - 2.00, Large Latte - 2.45",4.45,CARD,47356657557135210
11/10/2020 15:42,Aberdeen,Wesley Torrence, Mocha - 2.30,2.30,CARD,5285187971587753
11/10/2020 15:42,Aberdeen,Doris Santos," Glass of milk - 0.70, Large Flavoured hot chocolate - Vanilla - 2.90, Large Luxury hot chocolate - 2.70, Large Flavoured latte - Caramel - 2.85",9.15,CARD,6011618486574679
11/10/2020 15:43,Aberdeen,Matthew Hawkin," Speciality Tea - Camomile - 1.30,  Speciality Tea - Earl Grey - 1.30, Large Latte - 2.45",5.05,CARD,4742763111854426
11/10/2020 15:44,Aberdeen,Sheila Heflin," Flavoured iced latte - Caramel - 2.75, Large Flavoured latte - Caramel - 2.85, Large Chai latte - 2.60",8.20,CASH,
11/10/2020 15:44,Aberdeen,Bridget Munoz," Smoothies - Carrot Kick - 2.00, Large Cappuccino - 2.45",4.45,CASH,
11/10/2020 15:45,Aberdeen,Justin Ferguson,"Large Flavoured hot chocolate - Caramel - 2.90, Regular Espresso - 1.50,  Frappes - Coffee - 2.75",7.15,CASH,
11/10/2020 15:46,Aberdeen,Laraine Shierling," Speciality Tea - Green - 1.30, Regular Flavoured latte - Gingerbread - 2.55,  Frappes - Coffee - 2.75, Regular Latte - 2.15",8.75,CARD,356759266162776
11/10/2020 15:46,Aberdeen,Louis Thomas,"Regular Cappuccino - 2.15,  Flavoured iced latte - Caramel - 2.75,  Flavoured iced latte - Vanilla - 2.75,  Frappes - Strawberries & Cream - 2.75",10.40,CASH,
11/10/2020 15:47,Aberdeen,David Marshall, Red Label tea - 1.20,1.20,CARD,4968526622687
11/10/2020 15:48,Aberdeen,Amy Teed,"Large Flavoured latte - Vanilla - 2.85,  Smoothies - Carrot Kick - 2.00,  Smoothies - Carrot Kick - 2.00,  Flavoured iced latte - Vanilla - 2.75,  Red Label tea - 1.20",10.80,CASH,
11/10/2020 15:48,Aberdeen,Gregory Richards, Smoothies - Berry Beautiful - 2.00,2.00,CARD,365342691871839
11/10/2020 15:49,Aberdeen,Carolyn Harper," Speciality Tea - Fruit - 1.30,  Flavoured iced latte - Vanilla - 2.75, Large Hot chocolate - 2.90,  Flavoured iced latte - Caramel - 2.75",9.70,CASH,
11/10/2020 15:49,Aberdeen,Edgar Shannon," Frappes - Chocolate Cookie - 2.75,  Mocha - 2.30",5.05,CARD,4521743196584251
11/10/2020 15:50,Aberdeen,Douglas Kaya,"Large Luxury hot chocolate - 2.70, Large Flavoured latte - Vanilla - 2.85,  Speciality Tea - Fruit - 1.30,  Cortado - 2.05, Large Chai latte - 2.60",11.50,CARD,4539797289348
11/10/2020 15:51,Aberdeen,James Merk, Smoothies - Berry Beautiful - 2.00,2.00,CARD,361996299815813
11/10/2020 15:51,Aberdeen,Merlyn Garkow," Cortado - 2.05,  Babyccino - 0.00,  Frappes - Chocolate Cookie - 2.75,  Speciality Tea - Green - 1.30, Large Flavoured latte - Vanilla - 2.85",8.95,CASH,
11/10/2020 15:52,Aberdeen,Harvey Wolf," Iced americano - 2.15, Large Flavoured latte - Vanilla - 2.85,  Frappes - Chocolate Cookie - 2.75,  Cortado - 2.05, Large Flavoured latte - Gingerbread - 2.85",12.65,CARD,51313619413917710
11/10/2020 15:53,Aberdeen,Elizabeth Moris," Speciality Tea - Peppermint - 1.30,  Babyccino - 0.00, Large Flavoured hot chocolate - Caramel - 2.90",4.20,CASH,
11/10/2020 15:53,Aberdeen,Elisabeth Hammen," Flavoured iced latte - Hazelnut - 2.75,  Flavoured iced latte - Vanilla - 2.75,  Cortado - 2.05, Large Espresso - 1.80",9.35,CASH,
11/10/2020 15:54,Aberdeen,David Mcintosh," Babyccino - 0.00, Regular Flavoured hot chocolate - Caramel - 2.60, Regular Luxury hot chocolate - 2.40,  Smoothies - Glowing Greens - 2.00",7.00,CARD,49471418414510
11/10/2020 15:55,Aberdeen,Gary Benauides,"Large Flavoured hot chocolate - Caramel - 2.90,  Flavoured iced latte - Vanilla - 2.75, Large Americano - 2.25,  Speciality Tea - Darjeeling - 1.30,  Red Label tea - 1.20",10.40,CARD,352954886144171
11/10/2020 15:55,Aberdeen,Marie Wiggins," Flat white - 2.15,  Flavoured iced latte - Vanilla - 2.75,  Speciality Tea - Green - 1.30",6.20,CARD,41855652398410
11/10/2020 15:56,Aberdeen,Hazel Gally," Cortado - 2.05, Regular Hot chocolate - 2.20, Large Flavoured hot chocolate - Caramel - 2.90",7.15,CASH,
11/10/2020 15:56,Aberdeen,Bonnie Cordero," Flavoured iced latte - Vanilla - 2.75,  Flat white - 2.15, Regular Espresso - 1.50",6.40,CASH,
11/10/2020 15:57,Aberdeen,Susie Lustig," Iced latte - 2.35, Regular Latte - 2.15,  Flavoured iced latte - Vanilla - 2.75,  Mocha - 2.30,  Speciality Tea - Green - 1.30",10.85,CARD,4227585616795
11/10/2020 15:58,Aberdeen,Heidi Fuller," Iced americano - 2.15, Large Espresso - 1.80",3.95,CARD,6011383119672875
11/10/2020 15:58,Aberdeen,Salvador Johnson," Speciality Tea - Camomile - 1.30,  Babyccino - 0.00,  Hot Chocolate - 1.40",2.70,CARD,353341876437436
11/10/2020 15:59,Aberdeen,Angelia Adams," Iced americano - 2.15,  Iced americano - 2.15, Regular Flavoured hot chocolate - Hazelnut - 2.60",6.90,CARD,60119279669757310
11/10/2020 16:00,Aberdeen,Fred Gaston,Large Flavoured latte - Vanilla - 2.85,2.85,CARD,4366431421834
11/10/2020 16:01,Aberdeen,Sadie Lazaro,"Regular Flavoured hot chocolate - Hazelnut - 2.60, Regular Cappuccino - 2.15, Regular Chai latte - 2.30, Regular Chai latte - 2.30",9.35,CARD,362157456653385
11/10/2020 16:01,Aberdeen,Arron Schnell," Frappes - Chocolate Cookie - 2.75,  Frappes - Coffee - 2.75,  Red Label tea - 1.20,  Flavoured iced latte - Vanilla - 2.75",9.45,CASH,
11/10/2020 16:02,Aberdeen,Barbara Hankins, Speciality Tea - Green - 1.30,1.30,CARD,6011752226133122
11/10/2020 16:03,Aberdeen,Dustin Lindquist," Speciality Tea - Earl Grey - 1.30, Large Espresso - 1.80,  Speciality Tea - English breakfast - 1.30, Large Cappuccino - 2.45,  Speciality Tea - English breakfast - 1.30",8.15,CARD,364634781737958
11/10/2020 16:04,Aberdeen,Katherine Garretson,Large Flavoured latte - Gingerbread - 2.85,2.85,CARD,52211991375421410
11/10/2020 16:05,Aberdeen,Bill Phipps, Smoothies - Berry Beautiful - 2.00,2.00,CARD,6011719642656788
11/10/2020 16:06,Aberdeen,Felix Too, Red Label tea - 1.20,1.20,CASH,
11/10/2020 16:07,Aberdeen,Doyle Proctor, Flavoured iced latte - Vanilla - 2.75,2.75,CARD,6011433597216453
11/10/2020 16:08,Aberdeen,Mark Miller," Smoothies - Carrot Kick - 2.00,  Speciality Tea - Peppermint - 1.30",3.30,CARD,353981898363159
11/10/2020 16:09,Aberdeen,Natalie Brackett," Glass of milk - 0.70, Large Latte - 2.45, Large Flavoured latte - Vanilla - 2.85, Large Espresso - 1.80,  Iced americano - 2.15",9.95,CARD,6011185434943273
11/10/2020 16:10,Aberdeen,Donna Crafton," Mocha - 2.30,  Speciality Tea - Green - 1.30",3.60,CASH,
11/10/2020 16:11,Aberdeen,April Cowan, Smoothies - Carrot Kick - 2.00,2.00,CASH,
11/10/2020 16:12,Aberdeen,Dorothy Goodwin,Large Hot chocolate - 2.90,2.90,CASH,
11/10/2020 16:13,Aberdeen,Denise Hemphill," Speciality Tea - English breakfast - 1.30,  Flavoured iced latte - Vanilla - 2.75",4.05,CARD,4887196442764
11/10/2020 16:14,Aberdeen,David Scott," Speciality Tea - Green - 1.30,  Smoothies - Glowing Greens - 2.00",3.30,CASH,
11/10/2020 16:15,Aberdeen,Kelsey Renfrow," Hot Chocolate - 1.40,  Smoothies - Carrot Kick - 2.00",3.40,CARD,5241568948111244
11/10/2020 16:15,Aberdeen,Gary Martin," Speciality Tea - Darjeeling - 1.30,  Hot Chocolate - 1.40,  Smoothies - Berry Beautiful - 2.00,  Flavoured iced latte - Caramel - 2.75",7.45,CASH,
11/10/2020 16:16,Aberdeen,Amelia Benefield," Frappes - Chocolate Cookie - 2.75,  Hot Chocolate - 1.40,  Flavoured iced latte - Caramel - 2.75, Large Filter coffee - 1.80",8.70,CASH,
11/10/2020 16:17,Aberdeen,Martha Predovich, Iced americano - 2.15,2.15,CARD,4987884698436
11/10/2020 16:18,Aberdeen,Janet Hooper," Iced latte - 2.35,  Mocha - 2.30, Large Espresso - 1.80",6.45,CARD,6011412242572742
11/10/2020 16:19,Aberdeen,Theresa Piper,"Large Latte - 2.45,  Frappes - Coffee - 2.75,  Iced americano - 2.15",7.35,CARD,4212446745991
11/10/2020 16:20,Aberdeen,Quincy Ward,"Large Luxury hot chocolate - 2.70,  Cortado - 2.05",4.75,CARD,5152736269162917
11/10/2020 16:21,Aberdeen,Lisa Hanks," Frappes - Strawberries & Cream - 2.75, Large Filter coffee - 1.80,  Smoothies - Carrot Kick - 2.00",6.55,CARD,359813564935669
11/10/2020 16:22,Aberdeen,Scott Paneto," Smoothies - Glowing Greens - 2.00,  Flavoured iced latte - Hazelnut - 2.75",4.75,CARD,377518172676336
11/10/2020 16:23,Aberdeen,Sandra Daniel,"Large Espresso - 1.80,  Speciality Tea - Green - 1.30,  Smoothies - Glowing Greens - 2.00, Large Chai latte - 2.60,  Speciality Tea - Darjeeling - 1.30",9.00,CARD,4131254491664
11/10/2020 16:24,Aberdeen,Robert Burgos," Flavoured iced latte - Vanilla - 2.75, Large Flavoured latte - Caramel - 2.85,  Speciality Tea - Peppermint - 1.30, Large Cappuccino - 2.45",9.35,CARD,341362684326145
11/10/2020 16:25,Aberdeen,Willie Hodges," Flavoured iced latte - Vanilla - 2.75, Regular Flavoured latte - Hazelnut - 2.55,  Speciality Tea - Green - 1.30",6.60,CARD,4881263688185
11/10/2020 16:26,Aberdeen,Paul Tiner,"Large Luxury hot chocolate - 2.70, Large Flavoured hot chocolate - Caramel - 2.90,  Speciality Tea - Peppermint - 1.30, Regular Flavoured latte - Caramel - 2.55",9.45,CARD,4975347712589
11/10/2020 16:27,Aberdeen,Magdalen Ramberg," Glass of milk - 0.70,  Frappes - Strawberries & Cream - 2.75,  Speciality Tea - Green - 1.30",4.75,CASH,
11/10/2020 16:28,Aberdeen,Genevieve Rawlings," Frappes - Strawberries & Cream - 2.75,  Speciality Tea - Earl Grey - 1.30,  Speciality Tea - Camomile - 1.30",5.35,CARD,4814251377381659
11/10/2020 16:29,Aberdeen,Barry Erikson," Frappes - Chocolate Cookie - 2.75,  Iced americano - 2.15",4.90,CASH,
11/10/2020 16:29,Aberdeen,Hassan Jiminez,Large Hot chocolate - 2.90,2.90,CASH,
11/10/2020 16:30,Aberdeen,Steve Simonds," Cortado - 2.05,  Flavoured iced latte - Hazelnut - 2.75",4.80,CARD,4734983587213549
11/10/2020 16:31,Aberdeen,Tonya Crowley,Large Americano - 2.25,2.25,CARD,6011967588348676
11/10/2020 16:32,Aberdeen,Hilda Cordes," Speciality Tea - Darjeeling - 1.30, Large Flavoured latte - Hazelnut - 2.85, Large Espresso - 1.80, Large Flavoured latte - Hazelnut - 2.85, Large Flavoured latte - Vanilla - 2.85",11.65,CARD,6011353331232196
11/10/2020 16:33,Aberdeen,Earl Aldrich," Mocha - 2.30,  Flavoured iced latte - Hazelnut - 2.75,  Frappes - Coffee - 2.75, Large Luxury hot chocolate - 2.70,  Speciality Tea - English breakfast - 1.30",11.80,CARD,5573772933269425
11/10/2020 16:34,Aberdeen,Henry Harman," Iced latte - 2.35, Large Espresso - 1.80,  Hot Chocolate - 1.40, Large Flavoured latte - Gingerbread - 2.85,  Cortado - 2.05",10.45,CASH,
11/10/2020 16:35,Aberdeen,David Townsend,"Large Flavoured latte - Gingerbread - 2.85,  Speciality Tea - Peppermint - 1.30,  Speciality Tea - Fruit - 1.30",5.45,CARD,4468722863425
11/10/2020 16:36,Aberdeen,Angelina Norman," Smoothies - Glowing Greens - 2.00, Large Espresso - 1.80,  Speciality Tea - Fruit - 1.30",5.10,CARD,368685644221131
11/10/2020 16:37,Aberdeen,Wendy Jennings," Flat white - 2.15, Large Latte - 2.45",4.60,CASH,
11/10/2020 16:38,Aberdeen,Phyllis Jeffers,"Large Flavoured hot chocolate - Vanilla - 2.90, Large Americano - 2.25",5.15,CARD,354194743239512
11/10/2020 16:39,Aberdeen,Ronald King," Speciality Tea - Camomile - 1.30,  Speciality Tea - Green - 1.30,  Flavoured iced latte - Vanilla - 2.75,  Flavoured iced latte - Caramel - 2.75,  Smoothies - Berry Beautiful - 2.00",10.10,CARD,4332533847546364
11/10/2020 16:40,Aberdeen,Elvin Brewster,"Regular Luxury hot chocolate - 2.40,  Speciality Tea - Green - 1.30,  Smoothies - Berry Beautiful - 2.00,  Speciality Tea - Fruit - 1.30, Large Americano - 2.25",9.25,CASH,
11/10/2020 16:41,Aberdeen,Robert Irons, Speciality Tea - English breakfast - 1.30,1.30,CASH,
11/10/2020 16:42,Aberdeen,Max Rudolph,Large Flavoured latte - Caramel - 2.85,2.85,CASH,
11/10/2020 16:43,Aberdeen,Eduardo Richardson," Speciality Tea - Green - 1.30,  Speciality Tea - Darjeeling - 1.30,  Speciality Tea - Earl Grey - 1.30",3.90,CARD,377938589553573
11/10/2020 16:43,Aberdeen,Kenneth Bitter, Flat white - 2.15,2.15,CARD,5131847833358174
11/10/2020 16:44,Aberdeen,William Sokolowich,"Large Flavoured hot chocolate - Hazelnut - 2.90,  Cortado - 2.05,  Smoothies - Carrot Kick - 2.00,  Flavoured iced latte - Hazelnut - 2.75,  Speciality Tea - Camomile - 1.30",11.00,CARD,6011322345468229
11/10/2020 16:45,Aberdeen,Sara Cohen," Smoothies - Berry Beautiful - 2.00,  Speciality Tea - Fruit - 1.30,  Frappes - Strawberries & Cream - 2.75,  Speciality Tea - Darjeeling - 1.30,  Glass of milk - 0.70",8.05,CASH,
11/10/2020 16:46,Aberdeen,George Johnson,"Large Flavoured latte - Caramel - 2.85, Large Cappuccino - 2.45",5.30,CARD,6011315224642898
11/10/2020 16:47,Aberdeen,Ronald Gates," Smoothies - Glowing Greens - 2.00,  Glass of milk - 0.70,  Frappes - Coffee - 2.75,  Flavoured iced latte - Hazelnut - 2.75",8.20,CARD,5326486197626945
11/10/2020 16:48,Aberdeen,Joe Bryant," Frappes - Chocolate Cookie - 2.75,  Frappes - Chocolate Cookie - 2.75",5.50,CARD,4162458849944877
11/10/2020 16:49,Aberdeen,Jason Garcia,"Large Flavoured latte - Gingerbread - 2.85,  Speciality Tea - Darjeeling - 1.30",4.15,CARD,4142169517238
11/10/2020 16:50,Aberdeen,Jordan Williams,Large Espresso - 1.80,1.80,CARD,366126817168777
11/10/2020 16:51,Aberdeen,James Santiago," Cortado - 2.05,  Speciality Tea - Earl Grey - 1.30, Large Chai latte - 2.60",5.95,CASH,
11/10/2020 16:52,Aberdeen,Michael Casey,"Regular Latte - 2.15, Regular Filter coffee - 1.50,  Iced latte - 2.35, Large Flavoured hot chocolate - Hazelnut - 2.90,  Frappes - Coffee - 2.75",11.65,CARD,372324177364118
11/10/2020 16:53,Aberdeen,Patricia Reddick," Speciality Tea - Green - 1.30,  Glass of milk - 0.70, Regular Flavoured hot chocolate - Hazelnut - 2.60",4.60,CARD,4556445256156
11/10/2020 16:54,Aberdeen,Mohammad Lopez, Speciality Tea - Earl Grey - 1.30,1.30,CARD,45815528483310
11/10/2020 16:55,Aberdeen,Keith Bolduc,"Large Filter coffee - 1.80,  Frappes - Strawberries & Cream - 2.75,  Speciality Tea - Peppermint - 1.30",5.85,CASH,
11/10/2020 16:56,Aberdeen,William Robinson,"Large Flavoured hot chocolate - Vanilla - 2.90,  Frappes - Coffee - 2.75, Large Chai latte - 2.60, Regular Latte - 2.15,  Iced latte - 2.35",12.75,CARD,4315989733397
11/10/2020 16:57,Aberdeen,Robyn Meyer,"Large Flavoured latte - Gingerbread - 2.85,  Cortado - 2.05,  Flavoured iced latte - Vanilla - 2.75",7.65,CARD,4951675369276
11/10/2020 16:57,Aberdeen,Lynn Tamura,"Large Hot chocolate - 2.90, Large Americano - 2.25, Large Americano - 2.25, Large Americano - 2.25,  Speciality Tea - Earl Grey - 1.30",10.95,CARD,4775257135155
11/10/2020 16:58,Aberdeen,Kenneth Bobo," Speciality Tea - Green - 1.30,  Flavoured iced latte - Caramel - 2.75",4.05,CARD,54861526291692610
11/10/2020 16:59,Aberdeen,Micheal Burger," Flavoured iced latte - Hazelnut - 2.75,  Smoothies - Glowing Greens - 2.00,  Flavoured iced latte - Vanilla - 2.75, Regular Cappuccino - 2.15, Large Flavoured hot chocolate - Hazelnut - 2.90",12.55,CARD,6011565657164428
